[{"model": "admin.logentry", "pk": 1, "fields": {"action_time": "2021-02-23T06:47:28.512Z", "user": 1, "content_type": 9, "object_id": "1", "object_repr": "customer", "action_flag": 1, "change_message": "[{\"added\": {}}]"}}, {"model": "admin.logentry", "pk": 2, "fields": {"action_time": "2021-02-23T06:47:43.575Z", "user": 1, "content_type": 9, "object_id": "2", "object_repr": "supplier", "action_flag": 1, "change_message": "[{\"added\": {}}]"}}, {"model": "admin.logentry", "pk": 3, "fields": {"action_time": "2021-02-23T18:39:59.654Z", "user": 1, "content_type": 13, "object_id": "1", "object_repr": "supplier Q 1 ?", "action_flag": 1, "change_message": "[{\"added\": {}}]"}}, {"model": "admin.logentry", "pk": 4, "fields": {"action_time": "2021-02-23T18:40:59.369Z", "user": 1, "content_type": 13, "object_id": "2", "object_repr": "supplier Q 2 ?", "action_flag": 1, "change_message": "[{\"added\": {}}]"}}, {"model": "admin.logentry", "pk": 5, "fields": {"action_time": "2021-02-23T18:41:34.657Z", "user": 1, "content_type": 13, "object_id": "3", "object_repr": "supplier Q 2", "action_flag": 1, "change_message": "[{\"added\": {}}]"}}, {"model": "admin.logentry", "pk": 6, "fields": {"action_time": "2021-02-23T18:41:54.412Z", "user": 1, "content_type": 13, "object_id": "3", "object_repr": "supplier Q 3 ?", "action_flag": 2, "change_message": "[{\"changed\": {\"fields\": [\"Question\"]}}]"}}, {"model": "admin.logentry", "pk": 7, "fields": {"action_time": "2021-02-23T18:42:43.237Z", "user": 1, "content_type": 13, "object_id": "4", "object_repr": "supplier Q 4 ?", "action_flag": 1, "change_message": "[{\"added\": {}}]"}}, {"model": "admin.logentry", "pk": 8, "fields": {"action_time": "2021-02-23T18:44:32.421Z", "user": 1, "content_type": 7, "object_id": "1", "object_repr": "India", "action_flag": 1, "change_message": "[{\"added\": {}}]"}}, {"model": "admin.logentry", "pk": 9, "fields": {"action_time": "2021-02-23T18:45:47.472Z", "user": 1, "content_type": 7, "object_id": "2", "object_repr": "kuwait", "action_flag": 1, "change_message": "[{\"added\": {}}]"}}, {"model": "admin.logentry", "pk": 10, "fields": {"action_time": "2021-02-23T18:47:37.427Z", "user": 1, "content_type": 4, "object_id": "2", "object_repr": "superadmin@u.com", "action_flag": 3, "change_message": ""}}, {"model": "admin.logentry", "pk": 11, "fields": {"action_time": "2021-02-23T18:51:52.347Z", "user": 1, "content_type": 4, "object_id": "3", "object_repr": "shiveshbhardwaj149@gmail.com", "action_flag": 3, "change_message": ""}}, {"model": "admin.logentry", "pk": 12, "fields": {"action_time": "2021-02-23T18:56:50.715Z", "user": 1, "content_type": 13, "object_id": "5", "object_repr": "customer Q1", "action_flag": 1, "change_message": "[{\"added\": {}}]"}}, {"model": "admin.logentry", "pk": 13, "fields": {"action_time": "2021-02-23T18:57:35.999Z", "user": 1, "content_type": 13, "object_id": "6", "object_repr": "customer Q 2 ?", "action_flag": 1, "change_message": "[{\"added\": {}}]"}}, {"model": "admin.logentry", "pk": 14, "fields": {"action_time": "2021-02-23T18:58:17.289Z", "user": 1, "content_type": 13, "object_id": "7", "object_repr": "customer Q 3", "action_flag": 1, "change_message": "[{\"added\": {}}]"}}, {"model": "admin.logentry", "pk": 15, "fields": {"action_time": "2021-02-23T18:58:53.560Z", "user": 1, "content_type": 13, "object_id": "8", "object_repr": "customer Q 4", "action_flag": 1, "change_message": "[{\"added\": {}}]"}}, {"model": "admin.logentry", "pk": 16, "fields": {"action_time": "2021-02-23T18:59:22.246Z", "user": 1, "content_type": 13, "object_id": "1", "object_repr": "supplier Q 1 ?", "action_flag": 2, "change_message": "[{\"changed\": {\"fields\": [\"Option b\", \"Option c\", \"Option d\"]}}]"}}, {"model": "admin.logentry", "pk": 17, "fields": {"action_time": "2021-02-23T18:59:31.192Z", "user": 1, "content_type": 13, "object_id": "5", "object_repr": "customer Q1 ?", "action_flag": 2, "change_message": "[{\"changed\": {\"fields\": [\"Question\"]}}]"}}, {"model": "admin.logentry", "pk": 18, "fields": {"action_time": "2021-02-24T05:28:30.160Z", "user": 1, "content_type": 4, "object_id": "6", "object_repr": "superadmin32525@taqa.com", "action_flag": 3, "change_message": ""}}, {"model": "admin.logentry", "pk": 19, "fields": {"action_time": "2021-02-24T07:16:50.437Z", "user": 1, "content_type": 10, "object_id": "1", "object_repr": "Deshdasha", "action_flag": 1, "change_message": "[{\"added\": {}}]"}}, {"model": "admin.logentry", "pk": 20, "fields": {"action_time": "2021-02-24T07:17:18.140Z", "user": 1, "content_type": 10, "object_id": "2", "object_repr": "Gown Dresses", "action_flag": 1, "change_message": "[{\"added\": {}}]"}}, {"model": "admin.logentry", "pk": 21, "fields": {"action_time": "2021-02-24T07:17:52.699Z", "user": 1, "content_type": 10, "object_id": "3", "object_repr": "Casual Clothes", "action_flag": 1, "change_message": "[{\"added\": {}}]"}}, {"model": "admin.logentry", "pk": 22, "fields": {"action_time": "2021-02-24T07:18:05.488Z", "user": 1, "content_type": 12, "object_id": "1", "object_repr": "mae", "action_flag": 1, "change_message": "[{\"added\": {}}]"}}, {"model": "admin.logentry", "pk": 23, "fields": {"action_time": "2021-02-24T07:18:14.562Z", "user": 1, "content_type": 12, "object_id": "2", "object_repr": "female", "action_flag": 1, "change_message": "[{\"added\": {}}]"}}, {"model": "admin.logentry", "pk": 24, "fields": {"action_time": "2021-02-24T07:18:22.275Z", "user": 1, "content_type": 12, "object_id": "1", "object_repr": "male", "action_flag": 2, "change_message": "[{\"changed\": {\"fields\": [\"Name\"]}}]"}}, {"model": "admin.logentry", "pk": 25, "fields": {"action_time": "2021-02-24T07:42:02.950Z", "user": 1, "content_type": 11, "object_id": "1", "object_repr": "Gown Dresses", "action_flag": 2, "change_message": "[{\"changed\": {\"fields\": [\"Status\"]}}]"}}, {"model": "admin.logentry", "pk": 26, "fields": {"action_time": "2021-02-24T11:21:08.082Z", "user": 1, "content_type": 11, "object_id": "4", "object_repr": "Casual Clothes", "action_flag": 3, "change_message": ""}}, {"model": "admin.logentry", "pk": 27, "fields": {"action_time": "2021-02-24T11:21:08.098Z", "user": 1, "content_type": 11, "object_id": "3", "object_repr": "Gown Dresses", "action_flag": 3, "change_message": ""}}, {"model": "admin.logentry", "pk": 28, "fields": {"action_time": "2021-02-24T11:21:08.111Z", "user": 1, "content_type": 11, "object_id": "1", "object_repr": "Gown Dresses", "action_flag": 3, "change_message": ""}}, {"model": "admin.logentry", "pk": 29, "fields": {"action_time": "2021-02-24T13:55:49.375Z", "user": 1, "content_type": 4, "object_id": "5", "object_repr": "Shivesh.bhardwaj@digimonk.in", "action_flag": 3, "change_message": ""}}, {"model": "admin.logentry", "pk": 30, "fields": {"action_time": "2021-02-24T14:34:28.732Z", "user": 1, "content_type": 4, "object_id": "8", "object_repr": "Shivesh.bhardwaj@digimonk.in", "action_flag": 3, "change_message": ""}}, {"model": "admin.logentry", "pk": 31, "fields": {"action_time": "2021-02-24T14:34:28.746Z", "user": 1, "content_type": 4, "object_id": "9", "object_repr": "Shiveshbhardwaj@digimonk.in", "action_flag": 3, "change_message": ""}}, {"model": "admin.logentry", "pk": 32, "fields": {"action_time": "2021-02-24T14:38:21.191Z", "user": 1, "content_type": 4, "object_id": "10", "object_repr": "superadmin@taqa.com", "action_flag": 3, "change_message": ""}}, {"model": "admin.logentry", "pk": 33, "fields": {"action_time": "2021-02-24T14:44:48.991Z", "user": 1, "content_type": 4, "object_id": "11", "object_repr": "superadmin@taqa.com", "action_flag": 3, "change_message": ""}}, {"model": "admin.logentry", "pk": 34, "fields": {"action_time": "2021-02-25T05:59:27.167Z", "user": 1, "content_type": 13, "object_id": "1", "object_repr": "Are you a ?", "action_flag": 2, "change_message": "[{\"changed\": {\"fields\": [\"Question\", \"Option a\", \"Option b\", \"Option c\", \"Option d\", \"Answer\"]}}]"}}, {"model": "admin.logentry", "pk": 35, "fields": {"action_time": "2021-02-25T06:03:27.187Z", "user": 1, "content_type": 13, "object_id": "2", "object_repr": "What products do you mostly  ?", "action_flag": 2, "change_message": "[{\"changed\": {\"fields\": [\"Question\", \"Option a\", \"Option b\", \"Option c\", \"Option d\", \"Answer\"]}}]"}}, {"model": "admin.logentry", "pk": 36, "fields": {"action_time": "2021-02-25T06:07:43.036Z", "user": 1, "content_type": 13, "object_id": "3", "object_repr": "What are your typical payment terms or timelines?", "action_flag": 2, "change_message": "[{\"changed\": {\"fields\": [\"Question\", \"Option a\", \"Option b\", \"Option c\", \"Option d\", \"Answer\"]}}]"}}, {"model": "admin.logentry", "pk": 37, "fields": {"action_time": "2021-02-25T06:13:59.981Z", "user": 1, "content_type": 13, "object_id": "4", "object_repr": "How would you handle defective items in my order?", "action_flag": 2, "change_message": "[{\"changed\": {\"fields\": [\"Question\", \"Option a\", \"Option b\", \"Option c\", \"Option d\", \"Answer\"]}}]"}}, {"model": "admin.logentry", "pk": 38, "fields": {"action_time": "2021-02-25T06:14:09.865Z", "user": 1, "content_type": 13, "object_id": "8", "object_repr": "customer Q 4", "action_flag": 3, "change_message": ""}}, {"model": "admin.logentry", "pk": 39, "fields": {"action_time": "2021-02-25T06:14:09.881Z", "user": 1, "content_type": 13, "object_id": "7", "object_repr": "customer Q 3", "action_flag": 3, "change_message": ""}}, {"model": "admin.logentry", "pk": 40, "fields": {"action_time": "2021-02-25T06:20:46.268Z", "user": 1, "content_type": 13, "object_id": "5", "object_repr": "What kind of services you want  ?", "action_flag": 2, "change_message": "[{\"changed\": {\"fields\": [\"Question\", \"Option a\", \"Option b\", \"Option c\", \"Option d\", \"Answer\"]}}]"}}, {"model": "admin.logentry", "pk": 41, "fields": {"action_time": "2021-02-25T06:23:40.478Z", "user": 1, "content_type": 13, "object_id": "6", "object_repr": "How will you to give measurement for sewing clothes ?", "action_flag": 2, "change_message": "[{\"changed\": {\"fields\": [\"Question\", \"Option a\", \"Option b\", \"Option c\", \"Option d\", \"Answer\"]}}]"}}, {"model": "admin.logentry", "pk": 42, "fields": {"action_time": "2021-02-25T06:33:16.994Z", "user": 1, "content_type": 4, "object_id": "7", "object_repr": "deepaksinghpatel052@gmail.com", "action_flag": 3, "change_message": ""}}, {"model": "admin.logentry", "pk": 43, "fields": {"action_time": "2021-02-25T06:53:24.964Z", "user": 1, "content_type": 4, "object_id": "4", "object_repr": "shiveshbhardwaj149@gmail.com", "action_flag": 3, "change_message": ""}}, {"model": "admin.logentry", "pk": 44, "fields": {"action_time": "2021-02-25T07:06:33.950Z", "user": 1, "content_type": 4, "object_id": "15", "object_repr": "Shivesh.bhardwaj@digimonk.in", "action_flag": 3, "change_message": ""}}, {"model": "admin.logentry", "pk": 45, "fields": {"action_time": "2021-02-25T07:06:33.963Z", "user": 1, "content_type": 4, "object_id": "14", "object_repr": "shiveshbhardwaj149@gmail.com", "action_flag": 3, "change_message": ""}}, {"model": "admin.logentry", "pk": 46, "fields": {"action_time": "2021-02-25T07:56:01.390Z", "user": 1, "content_type": 4, "object_id": "16", "object_repr": "shiveshbhardwaj149@gmail.com", "action_flag": 3, "change_message": ""}}, {"model": "admin.logentry", "pk": 47, "fields": {"action_time": "2021-02-25T08:58:08.010Z", "user": 1, "content_type": 10, "object_id": "4", "object_repr": "suit resizing", "action_flag": 1, "change_message": "[{\"added\": {}}]"}}, {"model": "admin.logentry", "pk": 48, "fields": {"action_time": "2021-02-25T08:58:36.730Z", "user": 1, "content_type": 10, "object_id": "5", "object_repr": "wedding services", "action_flag": 1, "change_message": "[{\"added\": {}}]"}}, {"model": "admin.logentry", "pk": 49, "fields": {"action_time": "2021-02-25T08:59:22.091Z", "user": 1, "content_type": 10, "object_id": "6", "object_repr": "custom accessories", "action_flag": 1, "change_message": "[{\"added\": {}}]"}}, {"model": "admin.logentry", "pk": 50, "fields": {"action_time": "2021-02-26T05:58:31.903Z", "user": 1, "content_type": 16, "object_id": "1", "object_repr": "Register", "action_flag": 1, "change_message": "[{\"added\": {}}]"}}, {"model": "admin.logentry", "pk": 51, "fields": {"action_time": "2021-02-26T06:10:03.081Z", "user": 1, "content_type": 16, "object_id": "2", "object_repr": "List your business", "action_flag": 1, "change_message": "[{\"added\": {}}]"}}, {"model": "admin.logentry", "pk": 52, "fields": {"action_time": "2021-02-26T06:11:17.541Z", "user": 1, "content_type": 16, "object_id": "2", "object_repr": "List your business", "action_flag": 2, "change_message": "[{\"changed\": {\"fields\": [\"Description\"]}}]"}}, {"model": "admin.logentry", "pk": 53, "fields": {"action_time": "2021-02-26T06:16:00.226Z", "user": 1, "content_type": 16, "object_id": "3", "object_repr": "Talk To Customers", "action_flag": 1, "change_message": "[{\"added\": {}}]"}}, {"model": "admin.logentry", "pk": 54, "fields": {"action_time": "2021-02-26T06:16:42.961Z", "user": 1, "content_type": 16, "object_id": "3", "object_repr": "Talk To Customers", "action_flag": 2, "change_message": "[{\"changed\": {\"fields\": [\"Description\"]}}]"}}, {"model": "admin.logentry", "pk": 55, "fields": {"action_time": "2021-02-26T06:23:15.151Z", "user": 1, "content_type": 16, "object_id": "1", "object_repr": "Register", "action_flag": 2, "change_message": "[{\"changed\": {\"fields\": [\"Line image\"]}}]"}}, {"model": "admin.logentry", "pk": 56, "fields": {"action_time": "2021-02-26T06:23:30.503Z", "user": 1, "content_type": 16, "object_id": "2", "object_repr": "List your business", "action_flag": 2, "change_message": "[{\"changed\": {\"fields\": [\"Line image\"]}}]"}}, {"model": "admin.logentry", "pk": 57, "fields": {"action_time": "2021-02-26T06:25:21.527Z", "user": 1, "content_type": 16, "object_id": "3", "object_repr": "Talk To Customers", "action_flag": 2, "change_message": "[{\"changed\": {\"fields\": [\"Line image\"]}}]"}}, {"model": "admin.logentry", "pk": 58, "fields": {"action_time": "2021-02-26T06:26:40.467Z", "user": 1, "content_type": 16, "object_id": "3", "object_repr": "Talk To Customers", "action_flag": 2, "change_message": "[{\"changed\": {\"fields\": [\"Line image\"]}}]"}}, {"model": "admin.logentry", "pk": 59, "fields": {"action_time": "2021-02-26T06:43:55.053Z", "user": 1, "content_type": 15, "object_id": "1", "object_repr": "System_settings object (1)", "action_flag": 1, "change_message": "[{\"added\": {}}]"}}, {"model": "admin.logentry", "pk": 60, "fields": {"action_time": "2021-02-26T06:58:55.983Z", "user": 1, "content_type": 15, "object_id": "1", "object_repr": "bahes", "action_flag": 2, "change_message": "[{\"changed\": {\"fields\": [\"Fb\", \"Twitter\", \"Linkedin\"]}}]"}}, {"model": "admin.logentry", "pk": 61, "fields": {"action_time": "2021-02-26T07:30:32.261Z", "user": 1, "content_type": 15, "object_id": "1", "object_repr": "bahes", "action_flag": 2, "change_message": "[{\"changed\": {\"fields\": [\"Footer logo\"]}}]"}}, {"model": "admin.logentry", "pk": 62, "fields": {"action_time": "2021-02-26T10:30:12.935Z", "user": 1, "content_type": 8, "object_id": "17", "object_repr": "Shivesh.bhardwaj@digimonk.in", "action_flag": 2, "change_message": "[{\"changed\": {\"fields\": [\"Full name\"]}}]"}}, {"model": "admin.logentry", "pk": 63, "fields": {"action_time": "2021-02-26T10:30:30.069Z", "user": 1, "content_type": 8, "object_id": "12", "object_repr": "deepaksinghpatel052@gmail.com", "action_flag": 2, "change_message": "[{\"changed\": {\"fields\": [\"Full name\"]}}]"}}, {"model": "admin.logentry", "pk": 64, "fields": {"action_time": "2021-02-26T10:38:01.069Z", "user": 1, "content_type": 11, "object_id": "3", "object_repr": "suit resizing", "action_flag": 1, "change_message": "[{\"added\": {}}]"}}, {"model": "admin.logentry", "pk": 65, "fields": {"action_time": "2021-02-26T10:55:11.852Z", "user": 1, "content_type": 11, "object_id": "3", "object_repr": "suit resizing", "action_flag": 2, "change_message": "[{\"changed\": {\"fields\": [\"Ship outside country\"]}}]"}}, {"model": "admin.logentry", "pk": 66, "fields": {"action_time": "2021-02-26T11:00:51.800Z", "user": 1, "content_type": 11, "object_id": "4", "object_repr": "wedding services", "action_flag": 1, "change_message": "[{\"added\": {}}]"}}, {"model": "admin.logentry", "pk": 67, "fields": {"action_time": "2021-02-26T11:02:58.791Z", "user": 1, "content_type": 11, "object_id": "5", "object_repr": "Deshdasha", "action_flag": 1, "change_message": "[{\"added\": {}}]"}}, {"model": "admin.logentry", "pk": 68, "fields": {"action_time": "2021-02-26T11:03:57.572Z", "user": 1, "content_type": 11, "object_id": "6", "object_repr": "Gown Dresses", "action_flag": 1, "change_message": "[{\"added\": {}}]"}}, {"model": "admin.logentry", "pk": 69, "fields": {"action_time": "2021-02-26T11:07:52.259Z", "user": 1, "content_type": 15, "object_id": "1", "object_repr": "bahes", "action_flag": 2, "change_message": "[{\"changed\": {\"fields\": [\"Service counter\", \"Product counter\", \"Supplier counter\"]}}]"}}, {"model": "admin.logentry", "pk": 70, "fields": {"action_time": "2021-02-26T11:30:55.194Z", "user": 1, "content_type": 8, "object_id": "18", "object_repr": "ankuryadav14396@gmail.com", "action_flag": 2, "change_message": "[{\"changed\": {\"fields\": [\"Image\"]}}]"}}, {"model": "admin.logentry", "pk": 71, "fields": {"action_time": "2021-02-26T11:44:55.133Z", "user": 1, "content_type": 8, "object_id": "17", "object_repr": "Shivesh.bhardwaj@digimonk.in", "action_flag": 2, "change_message": "[{\"changed\": {\"fields\": [\"Image\"]}}]"}}, {"model": "admin.logentry", "pk": 72, "fields": {"action_time": "2021-02-26T11:45:16.797Z", "user": 1, "content_type": 8, "object_id": "12", "object_repr": "deepaksinghpatel052@gmail.com", "action_flag": 2, "change_message": "[{\"changed\": {\"fields\": [\"Image\"]}}]"}}, {"model": "admin.logentry", "pk": 73, "fields": {"action_time": "2021-02-26T11:45:50.059Z", "user": 1, "content_type": 8, "object_id": "17", "object_repr": "Shivesh.bhardwaj@digimonk.in", "action_flag": 2, "change_message": "[{\"changed\": {\"fields\": [\"Image\"]}}]"}}, {"model": "admin.logentry", "pk": 74, "fields": {"action_time": "2021-02-26T11:47:09.872Z", "user": 1, "content_type": 8, "object_id": "11", "object_repr": "superadmin@taqa.com", "action_flag": 2, "change_message": "[{\"changed\": {\"fields\": [\"Image\"]}}]"}}, {"model": "admin.logentry", "pk": 75, "fields": {"action_time": "2021-02-26T11:53:55.287Z", "user": 1, "content_type": 10, "object_id": "3", "object_repr": "Casual Clothes", "action_flag": 2, "change_message": "[{\"changed\": {\"fields\": [\"Img\"]}}]"}}, {"model": "admin.logentry", "pk": 76, "fields": {"action_time": "2021-02-26T11:55:16.442Z", "user": 1, "content_type": 10, "object_id": "2", "object_repr": "Gown Dresses", "action_flag": 2, "change_message": "[{\"changed\": {\"fields\": [\"Img\"]}}]"}}, {"model": "admin.logentry", "pk": 77, "fields": {"action_time": "2021-02-26T11:56:02.623Z", "user": 1, "content_type": 10, "object_id": "1", "object_repr": "Deshdasha", "action_flag": 2, "change_message": "[{\"changed\": {\"fields\": [\"Img\"]}}]"}}, {"model": "admin.logentry", "pk": 78, "fields": {"action_time": "2021-02-26T11:57:20.506Z", "user": 1, "content_type": 10, "object_id": "1", "object_repr": "Deshdasha", "action_flag": 2, "change_message": "[{\"changed\": {\"fields\": [\"Img\"]}}]"}}, {"model": "admin.logentry", "pk": 79, "fields": {"action_time": "2021-02-26T11:58:39.628Z", "user": 1, "content_type": 10, "object_id": "1", "object_repr": "Deshdasha", "action_flag": 2, "change_message": "[{\"changed\": {\"fields\": [\"Img\"]}}]"}}, {"model": "admin.logentry", "pk": 80, "fields": {"action_time": "2021-02-26T12:01:22.532Z", "user": 1, "content_type": 10, "object_id": "1", "object_repr": "Deshdasha", "action_flag": 2, "change_message": "[{\"changed\": {\"fields\": [\"Img\"]}}]"}}, {"model": "admin.logentry", "pk": 81, "fields": {"action_time": "2021-02-26T12:04:09.901Z", "user": 1, "content_type": 10, "object_id": "1", "object_repr": "Deshdasha", "action_flag": 2, "change_message": "[{\"changed\": {\"fields\": [\"Img\"]}}]"}}, {"model": "admin.logentry", "pk": 82, "fields": {"action_time": "2021-02-26T12:25:20.024Z", "user": 1, "content_type": 15, "object_id": "1", "object_repr": "bahes", "action_flag": 2, "change_message": "[{\"changed\": {\"fields\": [\"Header bg img\"]}}]"}}, {"model": "admin.logentry", "pk": 83, "fields": {"action_time": "2021-02-27T05:46:03.551Z", "user": 1, "content_type": 15, "object_id": "1", "object_repr": "bahes", "action_flag": 2, "change_message": "[{\"changed\": {\"fields\": [\"Service icon\", \"Supplier icon\", \"Product icon\"]}}]"}}, {"model": "admin.logentry", "pk": 84, "fields": {"action_time": "2021-02-27T05:49:01.262Z", "user": 1, "content_type": 15, "object_id": "1", "object_repr": "bahes", "action_flag": 2, "change_message": "[{\"changed\": {\"fields\": [\"Service icon\", \"Supplier icon\"]}}]"}}, {"model": "admin.logentry", "pk": 85, "fields": {"action_time": "2021-02-27T06:22:03.050Z", "user": 1, "content_type": 15, "object_id": "1", "object_repr": "bahes", "action_flag": 2, "change_message": "[{\"changed\": {\"fields\": [\"Header service icon\", \"Header supplier icon\", \"Service icon\", \"Supplier icon\"]}}]"}}, {"model": "admin.logentry", "pk": 86, "fields": {"action_time": "2021-02-27T07:20:21.947Z", "user": 1, "content_type": 9, "object_id": "2", "object_repr": "supplier", "action_flag": 2, "change_message": "[{\"changed\": {\"fields\": [\"Image\"]}}]"}}, {"model": "admin.logentry", "pk": 87, "fields": {"action_time": "2021-02-27T09:10:15.393Z", "user": 1, "content_type": 18, "object_id": "1", "object_repr": "Fabrics", "action_flag": 1, "change_message": "[{\"added\": {}}]"}}, {"model": "admin.logentry", "pk": 88, "fields": {"action_time": "2021-02-27T09:11:06.117Z", "user": 1, "content_type": 18, "object_id": "2", "object_repr": "Sewing, yarn and accessories", "action_flag": 1, "change_message": "[{\"added\": {}}]"}}, {"model": "admin.logentry", "pk": 89, "fields": {"action_time": "2021-02-27T09:11:31.761Z", "user": 1, "content_type": 17, "object_id": "1", "object_repr": "Threads", "action_flag": 1, "change_message": "[{\"added\": {}}]"}}, {"model": "admin.logentry", "pk": 90, "fields": {"action_time": "2021-02-27T09:12:58.532Z", "user": 1, "content_type": 17, "object_id": "2", "object_repr": "buttons and closures", "action_flag": 1, "change_message": "[{\"added\": {}}]"}}, {"model": "admin.logentry", "pk": 91, "fields": {"action_time": "2021-02-27T09:13:52.715Z", "user": 1, "content_type": 17, "object_id": "3", "object_repr": "zippers,tape,trim and elastic", "action_flag": 1, "change_message": "[{\"added\": {}}]"}}, {"model": "admin.logentry", "pk": 92, "fields": {"action_time": "2021-02-27T09:15:17.845Z", "user": 1, "content_type": 17, "object_id": "4", "object_repr": "cotton", "action_flag": 1, "change_message": "[{\"added\": {}}]"}}, {"model": "admin.logentry", "pk": 93, "fields": {"action_time": "2021-02-27T09:15:35.781Z", "user": 1, "content_type": 17, "object_id": "5", "object_repr": "linen", "action_flag": 1, "change_message": "[{\"added\": {}}]"}}, {"model": "admin.logentry", "pk": 94, "fields": {"action_time": "2021-02-27T09:15:57.019Z", "user": 1, "content_type": 17, "object_id": "6", "object_repr": "leather", "action_flag": 1, "change_message": "[{\"added\": {}}]"}}, {"model": "admin.logentry", "pk": 95, "fields": {"action_time": "2021-02-27T09:16:14.763Z", "user": 1, "content_type": 17, "object_id": "7", "object_repr": "silk", "action_flag": 1, "change_message": "[{\"added\": {}}]"}}, {"model": "admin.logentry", "pk": 96, "fields": {"action_time": "2021-02-27T09:16:35.191Z", "user": 1, "content_type": 17, "object_id": "8", "object_repr": "crepe", "action_flag": 1, "change_message": "[{\"added\": {}}]"}}, {"model": "admin.logentry", "pk": 97, "fields": {"action_time": "2021-02-27T09:16:54.998Z", "user": 1, "content_type": 17, "object_id": "9", "object_repr": "jokh", "action_flag": 1, "change_message": "[{\"added\": {}}]"}}, {"model": "admin.logentry", "pk": 98, "fields": {"action_time": "2021-02-27T09:17:15.539Z", "user": 1, "content_type": 17, "object_id": "10", "object_repr": "jacktar", "action_flag": 1, "change_message": "[{\"added\": {}}]"}}, {"model": "admin.logentry", "pk": 99, "fields": {"action_time": "2021-02-27T09:35:08.631Z", "user": 1, "content_type": 19, "object_id": "1", "object_repr": "summer", "action_flag": 1, "change_message": "[{\"added\": {}}]"}}, {"model": "admin.logentry", "pk": 100, "fields": {"action_time": "2021-02-27T09:35:24.318Z", "user": 1, "content_type": 19, "object_id": "2", "object_repr": "winter", "action_flag": 1, "change_message": "[{\"added\": {}}]"}}, {"model": "admin.logentry", "pk": 101, "fields": {"action_time": "2021-02-27T09:35:36.801Z", "user": 1, "content_type": 19, "object_id": "3", "object_repr": "autumn", "action_flag": 1, "change_message": "[{\"added\": {}}]"}}, {"model": "admin.logentry", "pk": 102, "fields": {"action_time": "2021-02-27T09:35:56.758Z", "user": 1, "content_type": 19, "object_id": "4", "object_repr": "spring", "action_flag": 1, "change_message": "[{\"added\": {}}]"}}, {"model": "admin.logentry", "pk": 103, "fields": {"action_time": "2021-02-27T09:38:19.374Z", "user": 1, "content_type": 20, "object_id": "1", "object_repr": "1", "action_flag": 1, "change_message": "[{\"added\": {}}]"}}, {"model": "admin.logentry", "pk": 104, "fields": {"action_time": "2021-02-27T09:38:35.834Z", "user": 1, "content_type": 20, "object_id": "2", "object_repr": "None", "action_flag": 1, "change_message": "[{\"added\": {}}]"}}, {"model": "admin.logentry", "pk": 105, "fields": {"action_time": "2021-02-27T09:38:48.566Z", "user": 1, "content_type": 20, "object_id": "3", "object_repr": "None", "action_flag": 1, "change_message": "[{\"added\": {}}]"}}, {"model": "admin.logentry", "pk": 106, "fields": {"action_time": "2021-02-27T09:39:00.623Z", "user": 1, "content_type": 20, "object_id": "4", "object_repr": "None", "action_flag": 1, "change_message": "[{\"added\": {}}]"}}, {"model": "admin.logentry", "pk": 107, "fields": {"action_time": "2021-02-27T09:39:13.975Z", "user": 1, "content_type": 20, "object_id": "5", "object_repr": "None", "action_flag": 1, "change_message": "[{\"added\": {}}]"}}, {"model": "admin.logentry", "pk": 108, "fields": {"action_time": "2021-02-27T12:30:17.170Z", "user": 1, "content_type": 21, "object_id": "1", "object_repr": "cotton", "action_flag": 1, "change_message": "[{\"added\": {}}]"}}, {"model": "admin.logentry", "pk": 109, "fields": {"action_time": "2021-02-27T12:30:39.413Z", "user": 1, "content_type": 21, "object_id": "2", "object_repr": "linen", "action_flag": 1, "change_message": "[{\"added\": {}}]"}}, {"model": "admin.logentry", "pk": 110, "fields": {"action_time": "2021-02-27T12:30:52.213Z", "user": 1, "content_type": 21, "object_id": "3", "object_repr": "leather", "action_flag": 1, "change_message": "[{\"added\": {}}]"}}, {"model": "admin.logentry", "pk": 111, "fields": {"action_time": "2021-02-27T12:31:03.883Z", "user": 1, "content_type": 21, "object_id": "4", "object_repr": "silk", "action_flag": 1, "change_message": "[{\"added\": {}}]"}}, {"model": "admin.logentry", "pk": 112, "fields": {"action_time": "2021-02-27T12:31:15.293Z", "user": 1, "content_type": 21, "object_id": "5", "object_repr": "crepe", "action_flag": 1, "change_message": "[{\"added\": {}}]"}}, {"model": "admin.logentry", "pk": 113, "fields": {"action_time": "2021-02-27T12:31:27.663Z", "user": 1, "content_type": 21, "object_id": "6", "object_repr": "jokh", "action_flag": 1, "change_message": "[{\"added\": {}}]"}}, {"model": "admin.logentry", "pk": 114, "fields": {"action_time": "2021-02-27T12:32:06.185Z", "user": 1, "content_type": 21, "object_id": "7", "object_repr": "jacktar", "action_flag": 1, "change_message": "[{\"added\": {}}]"}}, {"model": "admin.logentry", "pk": 115, "fields": {"action_time": "2021-02-28T09:06:19.047Z", "user": 1, "content_type": 22, "object_id": "2", "object_repr": "Shivesh.bhardwaj@digimonk.in", "action_flag": 3, "change_message": ""}}, {"model": "admin.logentry", "pk": 116, "fields": {"action_time": "2021-02-28T09:06:26.693Z", "user": 1, "content_type": 22, "object_id": "1", "object_repr": "Shivesh.bhardwaj@digimonk.in", "action_flag": 3, "change_message": ""}}, {"model": "admin.logentry", "pk": 117, "fields": {"action_time": "2021-02-28T09:17:06.358Z", "user": 1, "content_type": 22, "object_id": "4", "object_repr": "Shivesh.bhardwaj@digimonk.in", "action_flag": 3, "change_message": ""}}, {"model": "admin.logentry", "pk": 118, "fields": {"action_time": "2021-02-28T09:17:15.821Z", "user": 1, "content_type": 22, "object_id": "3", "object_repr": "Shivesh.bhardwaj@digimonk.in", "action_flag": 3, "change_message": ""}}, {"model": "admin.logentry", "pk": 119, "fields": {"action_time": "2021-02-28T10:58:51.568Z", "user": 1, "content_type": 23, "object_id": "1", "object_repr": "cotton", "action_flag": 1, "change_message": "[{\"added\": {}}]"}}, {"model": "admin.logentry", "pk": 120, "fields": {"action_time": "2021-02-28T10:59:15.129Z", "user": 1, "content_type": 23, "object_id": "2", "object_repr": "silk", "action_flag": 1, "change_message": "[{\"added\": {}}]"}}, {"model": "admin.logentry", "pk": 121, "fields": {"action_time": "2021-02-28T10:59:22.937Z", "user": 1, "content_type": 23, "object_id": "3", "object_repr": "wood", "action_flag": 1, "change_message": "[{\"added\": {}}]"}}, {"model": "admin.logentry", "pk": 122, "fields": {"action_time": "2021-03-01T04:53:08.505Z", "user": 1, "content_type": 24, "object_id": "1", "object_repr": "wood", "action_flag": 1, "change_message": "[{\"added\": {}}]"}}, {"model": "admin.logentry", "pk": 123, "fields": {"action_time": "2021-03-01T04:53:20.754Z", "user": 1, "content_type": 24, "object_id": "2", "object_repr": "plastic", "action_flag": 1, "change_message": "[{\"added\": {}}]"}}, {"model": "admin.logentry", "pk": 124, "fields": {"action_time": "2021-03-01T04:53:34.429Z", "user": 1, "content_type": 24, "object_id": "3", "object_repr": "plastic", "action_flag": 1, "change_message": "[{\"added\": {}}]"}}, {"model": "admin.logentry", "pk": 125, "fields": {"action_time": "2021-03-01T04:53:42.464Z", "user": 1, "content_type": 24, "object_id": "3", "object_repr": "plastic", "action_flag": 3, "change_message": ""}}, {"model": "admin.logentry", "pk": 126, "fields": {"action_time": "2021-03-01T04:54:00.344Z", "user": 1, "content_type": 24, "object_id": "4", "object_repr": "metal", "action_flag": 1, "change_message": "[{\"added\": {}}]"}}, {"model": "admin.logentry", "pk": 127, "fields": {"action_time": "2021-03-01T04:54:28.888Z", "user": 1, "content_type": 25, "object_id": "1", "object_repr": "satin", "action_flag": 1, "change_message": "[{\"added\": {}}]"}}, {"model": "admin.logentry", "pk": 128, "fields": {"action_time": "2021-03-01T04:54:51.785Z", "user": 1, "content_type": 25, "object_id": "2", "object_repr": "wool", "action_flag": 1, "change_message": "[{\"added\": {}}]"}}, {"model": "admin.logentry", "pk": 129, "fields": {"action_time": "2021-03-02T07:10:57.847Z", "user": 1, "content_type": 17, "object_id": "10", "object_repr": "jacktar", "action_flag": 3, "change_message": ""}}, {"model": "admin.logentry", "pk": 130, "fields": {"action_time": "2021-03-02T07:10:57.862Z", "user": 1, "content_type": 17, "object_id": "9", "object_repr": "jokh", "action_flag": 3, "change_message": ""}}, {"model": "admin.logentry", "pk": 131, "fields": {"action_time": "2021-03-02T07:10:57.877Z", "user": 1, "content_type": 17, "object_id": "8", "object_repr": "crepe", "action_flag": 3, "change_message": ""}}, {"model": "admin.logentry", "pk": 132, "fields": {"action_time": "2021-03-02T07:10:57.891Z", "user": 1, "content_type": 17, "object_id": "7", "object_repr": "silk", "action_flag": 3, "change_message": ""}}, {"model": "admin.logentry", "pk": 133, "fields": {"action_time": "2021-03-02T07:10:57.905Z", "user": 1, "content_type": 17, "object_id": "6", "object_repr": "leather", "action_flag": 3, "change_message": ""}}, {"model": "admin.logentry", "pk": 134, "fields": {"action_time": "2021-03-02T07:10:57.918Z", "user": 1, "content_type": 17, "object_id": "5", "object_repr": "linen", "action_flag": 3, "change_message": ""}}, {"model": "admin.logentry", "pk": 135, "fields": {"action_time": "2021-03-02T07:10:57.932Z", "user": 1, "content_type": 17, "object_id": "4", "object_repr": "cotton", "action_flag": 3, "change_message": ""}}, {"model": "admin.logentry", "pk": 136, "fields": {"action_time": "2021-03-03T10:08:44.861Z", "user": 1, "content_type": 18, "object_id": "3", "object_repr": "example", "action_flag": 1, "change_message": "[{\"added\": {}}]"}}, {"model": "admin.logentry", "pk": 137, "fields": {"action_time": "2021-03-03T10:09:02.600Z", "user": 1, "content_type": 18, "object_id": "3", "object_repr": "exa", "action_flag": 2, "change_message": "[{\"changed\": {\"fields\": [\"Category name\"]}}]"}}, {"model": "admin.logentry", "pk": 138, "fields": {"action_time": "2021-03-03T10:09:51.589Z", "user": 1, "content_type": 18, "object_id": "1", "object_repr": "Fabrics", "action_flag": 2, "change_message": "[]"}}, {"model": "admin.logentry", "pk": 139, "fields": {"action_time": "2021-03-03T10:09:58.844Z", "user": 1, "content_type": 18, "object_id": "4", "object_repr": "Fabrics", "action_flag": 1, "change_message": "[{\"added\": {}}]"}}, {"model": "admin.logentry", "pk": 140, "fields": {"action_time": "2021-03-03T10:10:32.251Z", "user": 1, "content_type": 18, "object_id": "4", "object_repr": "Fabrics", "action_flag": 3, "change_message": ""}}, {"model": "admin.logentry", "pk": 141, "fields": {"action_time": "2021-03-03T10:10:32.265Z", "user": 1, "content_type": 18, "object_id": "3", "object_repr": "exa", "action_flag": 3, "change_message": ""}}, {"model": "admin.logentry", "pk": 142, "fields": {"action_time": "2021-03-03T10:10:42.691Z", "user": 1, "content_type": 18, "object_id": "2", "object_repr": "Sewing, yar and accessories", "action_flag": 2, "change_message": "[{\"changed\": {\"fields\": [\"Category name\"]}}]"}}, {"model": "admin.logentry", "pk": 143, "fields": {"action_time": "2021-03-03T10:10:52.105Z", "user": 1, "content_type": 18, "object_id": "2", "object_repr": "Sewing, yarn and accessories", "action_flag": 2, "change_message": "[{\"changed\": {\"fields\": [\"Category name\"]}}]"}}, {"model": "admin.logentry", "pk": 144, "fields": {"action_time": "2021-03-03T10:11:13.085Z", "user": 1, "content_type": 17, "object_id": "3", "object_repr": "zippers,tape,trim and elastic", "action_flag": 2, "change_message": "[]"}}, {"model": "admin.logentry", "pk": 145, "fields": {"action_time": "2021-03-03T10:11:42.062Z", "user": 1, "content_type": 17, "object_id": "2", "object_repr": "buttons and closures", "action_flag": 2, "change_message": "[]"}}, {"model": "admin.logentry", "pk": 146, "fields": {"action_time": "2021-03-03T10:11:46.752Z", "user": 1, "content_type": 17, "object_id": "1", "object_repr": "Threads", "action_flag": 2, "change_message": "[]"}}, {"model": "admin.logentry", "pk": 147, "fields": {"action_time": "2021-03-03T10:13:22.865Z", "user": 1, "content_type": 17, "object_id": "1", "object_repr": "Threads", "action_flag": 2, "change_message": "[]"}}, {"model": "admin.logentry", "pk": 148, "fields": {"action_time": "2021-03-03T11:56:25.749Z", "user": 1, "content_type": 22, "object_id": "8", "object_repr": "Shivesh.bhardwaj@digimonk.in", "action_flag": 3, "change_message": ""}}, {"model": "admin.logentry", "pk": 149, "fields": {"action_time": "2021-03-03T11:56:25.763Z", "user": 1, "content_type": 22, "object_id": "7", "object_repr": "Shivesh.bhardwaj@digimonk.in", "action_flag": 3, "change_message": ""}}, {"model": "admin.logentry", "pk": 150, "fields": {"action_time": "2021-03-03T11:56:25.777Z", "user": 1, "content_type": 22, "object_id": "6", "object_repr": "Shivesh.bhardwaj@digimonk.in", "action_flag": 3, "change_message": ""}}, {"model": "admin.logentry", "pk": 151, "fields": {"action_time": "2021-03-03T11:56:25.790Z", "user": 1, "content_type": 22, "object_id": "5", "object_repr": "Shivesh.bhardwaj@digimonk.in", "action_flag": 3, "change_message": ""}}, {"model": "admin.logentry", "pk": 152, "fields": {"action_time": "2021-03-03T12:03:31.495Z", "user": 1, "content_type": 20, "object_id": "2", "object_repr": "2", "action_flag": 2, "change_message": "[{\"changed\": {\"fields\": [\"Name\"]}}]"}}, {"model": "admin.logentry", "pk": 153, "fields": {"action_time": "2021-03-03T12:03:39.399Z", "user": 1, "content_type": 20, "object_id": "3", "object_repr": "3", "action_flag": 2, "change_message": "[{\"changed\": {\"fields\": [\"Name\"]}}]"}}, {"model": "admin.logentry", "pk": 154, "fields": {"action_time": "2021-03-03T12:03:46.815Z", "user": 1, "content_type": 20, "object_id": "4", "object_repr": "4", "action_flag": 2, "change_message": "[{\"changed\": {\"fields\": [\"Name\"]}}]"}}, {"model": "admin.logentry", "pk": 155, "fields": {"action_time": "2021-03-03T12:03:54.074Z", "user": 1, "content_type": 20, "object_id": "5", "object_repr": "5", "action_flag": 2, "change_message": "[{\"changed\": {\"fields\": [\"Name\"]}}]"}}, {"model": "admin.logentry", "pk": 156, "fields": {"action_time": "2021-03-03T15:33:47.665Z", "user": 1, "content_type": 22, "object_id": "10", "object_repr": "Shivesh.bhardwaj@digimonk.in", "action_flag": 3, "change_message": ""}}, {"model": "admin.logentry", "pk": 157, "fields": {"action_time": "2021-03-03T15:33:47.679Z", "user": 1, "content_type": 22, "object_id": "9", "object_repr": "Shivesh.bhardwaj@digimonk.in", "action_flag": 3, "change_message": ""}}, {"model": "admin.logentry", "pk": 158, "fields": {"action_time": "2021-03-03T15:40:50.642Z", "user": 1, "content_type": 22, "object_id": "12", "object_repr": "Shivesh.bhardwaj@digimonk.in", "action_flag": 3, "change_message": ""}}, {"model": "admin.logentry", "pk": 159, "fields": {"action_time": "2021-03-03T15:40:50.657Z", "user": 1, "content_type": 22, "object_id": "11", "object_repr": "Shivesh.bhardwaj@digimonk.in", "action_flag": 3, "change_message": ""}}, {"model": "admin.logentry", "pk": 160, "fields": {"action_time": "2021-03-03T15:44:50.407Z", "user": 1, "content_type": 22, "object_id": "15", "object_repr": "Shivesh.bhardwaj@digimonk.in", "action_flag": 3, "change_message": ""}}, {"model": "admin.logentry", "pk": 161, "fields": {"action_time": "2021-03-03T15:44:50.420Z", "user": 1, "content_type": 22, "object_id": "14", "object_repr": "Shivesh.bhardwaj@digimonk.in", "action_flag": 3, "change_message": ""}}, {"model": "admin.logentry", "pk": 162, "fields": {"action_time": "2021-03-03T15:44:50.434Z", "user": 1, "content_type": 22, "object_id": "13", "object_repr": "Shivesh.bhardwaj@digimonk.in", "action_flag": 3, "change_message": ""}}, {"model": "admin.logentry", "pk": 163, "fields": {"action_time": "2021-03-03T17:59:02.594Z", "user": 1, "content_type": 22, "object_id": "16", "object_repr": "Shivesh.bhardwaj@digimonk.in", "action_flag": 2, "change_message": "[{\"changed\": {\"fields\": [\"Image 1\"]}}]"}}, {"model": "admin.logentry", "pk": 164, "fields": {"action_time": "2021-03-03T17:59:47.344Z", "user": 1, "content_type": 22, "object_id": "17", "object_repr": "Shivesh.bhardwaj@digimonk.in", "action_flag": 2, "change_message": "[{\"changed\": {\"fields\": [\"Image 1\"]}}]"}}, {"model": "admin.logentry", "pk": 165, "fields": {"action_time": "2021-03-03T18:00:49.025Z", "user": 1, "content_type": 22, "object_id": "18", "object_repr": "Shivesh.bhardwaj@digimonk.in", "action_flag": 2, "change_message": "[{\"changed\": {\"fields\": [\"Image 1\"]}}]"}}, {"model": "admin.logentry", "pk": 166, "fields": {"action_time": "2021-03-03T18:02:03.729Z", "user": 1, "content_type": 22, "object_id": "16", "object_repr": "Shivesh.bhardwaj@digimonk.in", "action_flag": 2, "change_message": "[{\"changed\": {\"fields\": [\"Image 1\"]}}]"}}, {"model": "admin.logentry", "pk": 167, "fields": {"action_time": "2021-03-03T18:02:16.586Z", "user": 1, "content_type": 22, "object_id": "17", "object_repr": "Shivesh.bhardwaj@digimonk.in", "action_flag": 2, "change_message": "[{\"changed\": {\"fields\": [\"Image 1\"]}}]"}}, {"model": "admin.logentry", "pk": 168, "fields": {"action_time": "2021-03-03T18:02:29.615Z", "user": 1, "content_type": 22, "object_id": "18", "object_repr": "Shivesh.bhardwaj@digimonk.in", "action_flag": 2, "change_message": "[{\"changed\": {\"fields\": [\"Image 2\"]}}]"}}, {"model": "admin.logentry", "pk": 169, "fields": {"action_time": "2021-03-03T18:03:20.956Z", "user": 1, "content_type": 22, "object_id": "18", "object_repr": "Shivesh.bhardwaj@digimonk.in", "action_flag": 2, "change_message": "[{\"changed\": {\"fields\": [\"Image 1\"]}}]"}}, {"model": "admin.logentry", "pk": 170, "fields": {"action_time": "2021-03-03T18:03:58.151Z", "user": 1, "content_type": 22, "object_id": "16", "object_repr": "Shivesh.bhardwaj@digimonk.in", "action_flag": 2, "change_message": "[{\"changed\": {\"fields\": [\"Price\"]}}]"}}, {"model": "admin.logentry", "pk": 171, "fields": {"action_time": "2021-03-03T18:04:11.063Z", "user": 1, "content_type": 22, "object_id": "17", "object_repr": "Shivesh.bhardwaj@digimonk.in", "action_flag": 2, "change_message": "[{\"changed\": {\"fields\": [\"Price\"]}}]"}}, {"model": "admin.logentry", "pk": 172, "fields": {"action_time": "2021-03-03T18:14:35.673Z", "user": 1, "content_type": 8, "object_id": "17", "object_repr": "Shivesh.bhardwaj@digimonk.in", "action_flag": 2, "change_message": "[{\"changed\": {\"fields\": [\"Image\"]}}]"}}, {"model": "admin.logentry", "pk": 173, "fields": {"action_time": "2021-03-04T12:58:09.534Z", "user": 1, "content_type": 22, "object_id": "25", "object_repr": "Shivesh.bhardwaj@digimonk.in", "action_flag": 3, "change_message": ""}}, {"model": "admin.logentry", "pk": 174, "fields": {"action_time": "2021-03-06T07:55:03.652Z", "user": 1, "content_type": 22, "object_id": "17", "object_repr": "Shivesh.bhardwaj@digimonk.in", "action_flag": 2, "change_message": "[{\"changed\": {\"fields\": [\"Color\", \"Season\"]}}]"}}, {"model": "admin.logentry", "pk": 175, "fields": {"action_time": "2021-03-06T08:04:49.773Z", "user": 1, "content_type": 22, "object_id": "17", "object_repr": "Shivesh.bhardwaj@digimonk.in", "action_flag": 2, "change_message": "[{\"changed\": {\"fields\": [\"Washing method\"]}}]"}}, {"model": "admin.logentry", "pk": 176, "fields": {"action_time": "2021-03-06T08:16:50.056Z", "user": 1, "content_type": 22, "object_id": "16", "object_repr": "Shivesh.bhardwaj@digimonk.in", "action_flag": 2, "change_message": "[{\"changed\": {\"fields\": [\"Color\"]}}]"}}, {"model": "admin.logentry", "pk": 177, "fields": {"action_time": "2021-03-06T10:51:42.042Z", "user": 1, "content_type": 22, "object_id": "31", "object_repr": "Shivesh.bhardwaj@digimonk.in", "action_flag": 3, "change_message": ""}}, {"model": "admin.logentry", "pk": 178, "fields": {"action_time": "2021-03-06T11:01:27.899Z", "user": 1, "content_type": 22, "object_id": "32", "object_repr": "Shivesh.bhardwaj@digimonk.in", "action_flag": 2, "change_message": "[{\"changed\": {\"fields\": [\"Image 1\"]}}]"}}, {"model": "admin.logentry", "pk": 179, "fields": {"action_time": "2021-03-06T11:05:29.971Z", "user": 1, "content_type": 22, "object_id": "32", "object_repr": "Shivesh.bhardwaj@digimonk.in", "action_flag": 2, "change_message": "[{\"changed\": {\"fields\": [\"Image 2\"]}}]"}}, {"model": "admin.logentry", "pk": 180, "fields": {"action_time": "2021-03-06T11:09:56.587Z", "user": 1, "content_type": 22, "object_id": "33", "object_repr": "Shivesh.bhardwaj@digimonk.in", "action_flag": 3, "change_message": ""}}, {"model": "admin.logentry", "pk": 181, "fields": {"action_time": "2021-03-06T11:13:08.554Z", "user": 1, "content_type": 22, "object_id": "34", "object_repr": "Shivesh.bhardwaj@digimonk.in", "action_flag": 3, "change_message": ""}}, {"model": "admin.logentry", "pk": 182, "fields": {"action_time": "2021-03-06T11:16:55.454Z", "user": 1, "content_type": 22, "object_id": "35", "object_repr": "Shivesh.bhardwaj@digimonk.in", "action_flag": 3, "change_message": ""}}, {"model": "admin.logentry", "pk": 183, "fields": {"action_time": "2021-03-06T11:37:25.365Z", "user": 1, "content_type": 19, "object_id": "5", "object_repr": "winter", "action_flag": 1, "change_message": "[{\"added\": {}}]"}}, {"model": "admin.logentry", "pk": 184, "fields": {"action_time": "2021-03-06T11:37:32.317Z", "user": 1, "content_type": 19, "object_id": "6", "object_repr": "summer", "action_flag": 1, "change_message": "[{\"added\": {}}]"}}, {"model": "admin.logentry", "pk": 185, "fields": {"action_time": "2021-03-06T11:37:47.904Z", "user": 1, "content_type": 19, "object_id": "7", "object_repr": "Rainy", "action_flag": 1, "change_message": "[{\"added\": {}}]"}}, {"model": "admin.logentry", "pk": 186, "fields": {"action_time": "2021-03-06T11:38:12.584Z", "user": 1, "content_type": 22, "object_id": "32", "object_repr": "Shivesh.bhardwaj@digimonk.in", "action_flag": 2, "change_message": "[{\"changed\": {\"fields\": [\"Season\"]}}]"}}, {"model": "admin.logentry", "pk": 187, "fields": {"action_time": "2021-03-06T12:48:58.533Z", "user": 1, "content_type": 22, "object_id": "37", "object_repr": "Shivesh.bhardwaj@digimonk.in", "action_flag": 3, "change_message": ""}}, {"model": "admin.logentry", "pk": 188, "fields": {"action_time": "2021-03-08T13:47:16.016Z", "user": 1, "content_type": 22, "object_id": "32", "object_repr": "Shivesh.bhardwaj@digimonk.in", "action_flag": 2, "change_message": "[{\"changed\": {\"fields\": [\"Color\"]}}]"}}, {"model": "admin.logentry", "pk": 189, "fields": {"action_time": "2021-03-08T13:48:16.205Z", "user": 1, "content_type": 22, "object_id": "32", "object_repr": "Shivesh.bhardwaj@digimonk.in", "action_flag": 2, "change_message": "[{\"changed\": {\"fields\": [\"Color\"]}}]"}}, {"model": "admin.logentry", "pk": 190, "fields": {"action_time": "2021-03-08T13:49:01.158Z", "user": 1, "content_type": 22, "object_id": "32", "object_repr": "Shivesh.bhardwaj@digimonk.in", "action_flag": 2, "change_message": "[{\"changed\": {\"fields\": [\"Color\"]}}]"}}, {"model": "admin.logentry", "pk": 191, "fields": {"action_time": "2021-03-09T06:29:54.857Z", "user": 1, "content_type": 10, "object_id": "1", "object_repr": "Deshdasha", "action_flag": 2, "change_message": "[{\"changed\": {\"fields\": [\"Description\"]}}]"}}, {"model": "admin.logentry", "pk": 192, "fields": {"action_time": "2021-03-09T06:30:35.370Z", "user": 1, "content_type": 10, "object_id": "2", "object_repr": "Gown Dresses", "action_flag": 2, "change_message": "[{\"changed\": {\"fields\": [\"Description\"]}}]"}}, {"model": "admin.logentry", "pk": 193, "fields": {"action_time": "2021-03-09T06:56:50.572Z", "user": 1, "content_type": 10, "object_id": "1", "object_repr": "Deshdasha", "action_flag": 2, "change_message": "[]"}}, {"model": "admin.logentry", "pk": 194, "fields": {"action_time": "2021-03-09T07:02:06.272Z", "user": 1, "content_type": 10, "object_id": "1", "object_repr": "Deshdasha", "action_flag": 2, "change_message": "[{\"changed\": {\"fields\": [\"Description\"]}}]"}}, {"model": "admin.logentry", "pk": 195, "fields": {"action_time": "2021-03-09T07:03:21.412Z", "user": 1, "content_type": 10, "object_id": "1", "object_repr": "Deshdasha", "action_flag": 2, "change_message": "[]"}}, {"model": "admin.logentry", "pk": 196, "fields": {"action_time": "2021-03-09T10:53:57.345Z", "user": 1, "content_type": 10, "object_id": "3", "object_repr": "Casual Clothes", "action_flag": 2, "change_message": "[{\"changed\": {\"fields\": [\"Description\"]}}]"}}, {"model": "admin.logentry", "pk": 197, "fields": {"action_time": "2021-03-09T10:54:32.104Z", "user": 1, "content_type": 10, "object_id": "5", "object_repr": "wedding services", "action_flag": 2, "change_message": "[{\"changed\": {\"fields\": [\"Description\"]}}]"}}, {"model": "admin.logentry", "pk": 198, "fields": {"action_time": "2021-03-09T10:55:52.751Z", "user": 1, "content_type": 10, "object_id": "6", "object_repr": "custom accessories", "action_flag": 2, "change_message": "[{\"changed\": {\"fields\": [\"Description\"]}}]"}}, {"model": "admin.logentry", "pk": 199, "fields": {"action_time": "2021-03-09T10:56:42.599Z", "user": 1, "content_type": 10, "object_id": "4", "object_repr": "suit resizing", "action_flag": 2, "change_message": "[{\"changed\": {\"fields\": [\"Description\"]}}]"}}, {"model": "admin.logentry", "pk": 200, "fields": {"action_time": "2021-03-09T12:01:57.360Z", "user": 1, "content_type": 11, "object_id": "6", "object_repr": "Deshdasha", "action_flag": 2, "change_message": "[{\"changed\": {\"fields\": [\"Tailor speci id\"]}}]"}}, {"model": "admin.logentry", "pk": 201, "fields": {"action_time": "2021-03-09T12:02:10.827Z", "user": 1, "content_type": 11, "object_id": "4", "object_repr": "Deshdasha", "action_flag": 2, "change_message": "[{\"changed\": {\"fields\": [\"Tailor speci id\"]}}]"}}, {"model": "admin.logentry", "pk": 202, "fields": {"action_time": "2021-03-11T07:03:23.067Z", "user": 1, "content_type": 8, "object_id": "11", "object_repr": "superadmin@taqa.com", "action_flag": 2, "change_message": "[{\"changed\": {\"fields\": [\"Full name\"]}}]"}}, {"model": "admin.logentry", "pk": 203, "fields": {"action_time": "2021-03-12T14:19:33.008Z", "user": 1, "content_type": 22, "object_id": "17", "object_repr": "Shivesh.bhardwaj@digimonk.in", "action_flag": 2, "change_message": "[{\"changed\": {\"fields\": [\"Color\"]}}]"}}, {"model": "admin.logentry", "pk": 204, "fields": {"action_time": "2021-03-12T16:55:21.250Z", "user": 1, "content_type": 17, "object_id": "3", "object_repr": "zippers,tape,trim and elastic", "action_flag": 2, "change_message": "[{\"changed\": {\"fields\": [\"Image\"]}}]"}}, {"model": "admin.logentry", "pk": 205, "fields": {"action_time": "2021-03-12T16:55:37.297Z", "user": 1, "content_type": 17, "object_id": "2", "object_repr": "buttons and closures", "action_flag": 2, "change_message": "[{\"changed\": {\"fields\": [\"Image\"]}}]"}}, {"model": "admin.logentry", "pk": 206, "fields": {"action_time": "2021-03-12T16:55:55.237Z", "user": 1, "content_type": 17, "object_id": "1", "object_repr": "Threads", "action_flag": 2, "change_message": "[{\"changed\": {\"fields\": [\"Image\"]}}]"}}, {"model": "admin.logentry", "pk": 207, "fields": {"action_time": "2021-03-12T16:56:10.401Z", "user": 1, "content_type": 18, "object_id": "1", "object_repr": "Fabrics", "action_flag": 2, "change_message": "[{\"changed\": {\"fields\": [\"Image\"]}}]"}}, {"model": "auth.permission", "pk": 1, "fields": {"name": "Can add log entry", "content_type": 1, "codename": "add_logentry"}}, {"model": "auth.permission", "pk": 2, "fields": {"name": "Can change log entry", "content_type": 1, "codename": "change_logentry"}}, {"model": "auth.permission", "pk": 3, "fields": {"name": "Can delete log entry", "content_type": 1, "codename": "delete_logentry"}}, {"model": "auth.permission", "pk": 4, "fields": {"name": "Can view log entry", "content_type": 1, "codename": "view_logentry"}}, {"model": "auth.permission", "pk": 5, "fields": {"name": "Can add permission", "content_type": 2, "codename": "add_permission"}}, {"model": "auth.permission", "pk": 6, "fields": {"name": "Can change permission", "content_type": 2, "codename": "change_permission"}}, {"model": "auth.permission", "pk": 7, "fields": {"name": "Can delete permission", "content_type": 2, "codename": "delete_permission"}}, {"model": "auth.permission", "pk": 8, "fields": {"name": "Can view permission", "content_type": 2, "codename": "view_permission"}}, {"model": "auth.permission", "pk": 9, "fields": {"name": "Can add group", "content_type": 3, "codename": "add_group"}}, {"model": "auth.permission", "pk": 10, "fields": {"name": "Can change group", "content_type": 3, "codename": "change_group"}}, {"model": "auth.permission", "pk": 11, "fields": {"name": "Can delete group", "content_type": 3, "codename": "delete_group"}}, {"model": "auth.permission", "pk": 12, "fields": {"name": "Can view group", "content_type": 3, "codename": "view_group"}}, {"model": "auth.permission", "pk": 13, "fields": {"name": "Can add user", "content_type": 4, "codename": "add_user"}}, {"model": "auth.permission", "pk": 14, "fields": {"name": "Can change user", "content_type": 4, "codename": "change_user"}}, {"model": "auth.permission", "pk": 15, "fields": {"name": "Can delete user", "content_type": 4, "codename": "delete_user"}}, {"model": "auth.permission", "pk": 16, "fields": {"name": "Can view user", "content_type": 4, "codename": "view_user"}}, {"model": "auth.permission", "pk": 17, "fields": {"name": "Can add content type", "content_type": 5, "codename": "add_contenttype"}}, {"model": "auth.permission", "pk": 18, "fields": {"name": "Can change content type", "content_type": 5, "codename": "change_contenttype"}}, {"model": "auth.permission", "pk": 19, "fields": {"name": "Can delete content type", "content_type": 5, "codename": "delete_contenttype"}}, {"model": "auth.permission", "pk": 20, "fields": {"name": "Can view content type", "content_type": 5, "codename": "view_contenttype"}}, {"model": "auth.permission", "pk": 21, "fields": {"name": "Can add session", "content_type": 6, "codename": "add_session"}}, {"model": "auth.permission", "pk": 22, "fields": {"name": "Can change session", "content_type": 6, "codename": "change_session"}}, {"model": "auth.permission", "pk": 23, "fields": {"name": "Can delete session", "content_type": 6, "codename": "delete_session"}}, {"model": "auth.permission", "pk": 24, "fields": {"name": "Can view session", "content_type": 6, "codename": "view_session"}}, {"model": "auth.permission", "pk": 25, "fields": {"name": "Can add countries", "content_type": 7, "codename": "add_countries"}}, {"model": "auth.permission", "pk": 26, "fields": {"name": "Can change countries", "content_type": 7, "codename": "change_countries"}}, {"model": "auth.permission", "pk": 27, "fields": {"name": "Can delete countries", "content_type": 7, "codename": "delete_countries"}}, {"model": "auth.permission", "pk": 28, "fields": {"name": "Can view countries", "content_type": 7, "codename": "view_countries"}}, {"model": "auth.permission", "pk": 29, "fields": {"name": "Can add user profile", "content_type": 8, "codename": "add_userprofile"}}, {"model": "auth.permission", "pk": 30, "fields": {"name": "Can change user profile", "content_type": 8, "codename": "change_userprofile"}}, {"model": "auth.permission", "pk": 31, "fields": {"name": "Can delete user profile", "content_type": 8, "codename": "delete_userprofile"}}, {"model": "auth.permission", "pk": 32, "fields": {"name": "Can view user profile", "content_type": 8, "codename": "view_userprofile"}}, {"model": "auth.permission", "pk": 33, "fields": {"name": "Can add user type", "content_type": 9, "codename": "add_usertype"}}, {"model": "auth.permission", "pk": 34, "fields": {"name": "Can change user type", "content_type": 9, "codename": "change_usertype"}}, {"model": "auth.permission", "pk": 35, "fields": {"name": "Can delete user type", "content_type": 9, "codename": "delete_usertype"}}, {"model": "auth.permission", "pk": 36, "fields": {"name": "Can view user type", "content_type": 9, "codename": "view_usertype"}}, {"model": "auth.permission", "pk": 37, "fields": {"name": "Can add tailor specification", "content_type": 10, "codename": "add_tailorspecification"}}, {"model": "auth.permission", "pk": 38, "fields": {"name": "Can change tailor specification", "content_type": 10, "codename": "change_tailorspecification"}}, {"model": "auth.permission", "pk": 39, "fields": {"name": "Can delete tailor specification", "content_type": 10, "codename": "delete_tailorspecification"}}, {"model": "auth.permission", "pk": 40, "fields": {"name": "Can view tailor specification", "content_type": 10, "codename": "view_tailorspecification"}}, {"model": "auth.permission", "pk": 41, "fields": {"name": "Can add supplier services", "content_type": 11, "codename": "add_supplierservices"}}, {"model": "auth.permission", "pk": 42, "fields": {"name": "Can change supplier services", "content_type": 11, "codename": "change_supplierservices"}}, {"model": "auth.permission", "pk": 43, "fields": {"name": "Can delete supplier services", "content_type": 11, "codename": "delete_supplierservices"}}, {"model": "auth.permission", "pk": 44, "fields": {"name": "Can view supplier services", "content_type": 11, "codename": "view_supplierservices"}}, {"model": "auth.permission", "pk": 45, "fields": {"name": "Can add targeted customer", "content_type": 12, "codename": "add_targetedcustomer"}}, {"model": "auth.permission", "pk": 46, "fields": {"name": "Can change targeted customer", "content_type": 12, "codename": "change_targetedcustomer"}}, {"model": "auth.permission", "pk": 47, "fields": {"name": "Can delete targeted customer", "content_type": 12, "codename": "delete_targetedcustomer"}}, {"model": "auth.permission", "pk": 48, "fields": {"name": "Can view targeted customer", "content_type": 12, "codename": "view_targetedcustomer"}}, {"model": "auth.permission", "pk": 49, "fields": {"name": "Can add questions table", "content_type": 13, "codename": "add_questionstable"}}, {"model": "auth.permission", "pk": 50, "fields": {"name": "Can change questions table", "content_type": 13, "codename": "change_questionstable"}}, {"model": "auth.permission", "pk": 51, "fields": {"name": "Can delete questions table", "content_type": 13, "codename": "delete_questionstable"}}, {"model": "auth.permission", "pk": 52, "fields": {"name": "Can view questions table", "content_type": 13, "codename": "view_questionstable"}}, {"model": "auth.permission", "pk": 53, "fields": {"name": "Can add user answer table", "content_type": 14, "codename": "add_useranswertable"}}, {"model": "auth.permission", "pk": 54, "fields": {"name": "Can change user answer table", "content_type": 14, "codename": "change_useranswertable"}}, {"model": "auth.permission", "pk": 55, "fields": {"name": "Can delete user answer table", "content_type": 14, "codename": "delete_useranswertable"}}, {"model": "auth.permission", "pk": 56, "fields": {"name": "Can view user answer table", "content_type": 14, "codename": "view_useranswertable"}}, {"model": "auth.permission", "pk": 57, "fields": {"name": "Can add system_settings", "content_type": 15, "codename": "add_system_settings"}}, {"model": "auth.permission", "pk": 58, "fields": {"name": "Can change system_settings", "content_type": 15, "codename": "change_system_settings"}}, {"model": "auth.permission", "pk": 59, "fields": {"name": "Can delete system_settings", "content_type": 15, "codename": "delete_system_settings"}}, {"model": "auth.permission", "pk": 60, "fields": {"name": "Can view system_settings", "content_type": 15, "codename": "view_system_settings"}}, {"model": "auth.permission", "pk": 61, "fields": {"name": "Can add how_it_works", "content_type": 16, "codename": "add_how_it_works"}}, {"model": "auth.permission", "pk": 62, "fields": {"name": "Can change how_it_works", "content_type": 16, "codename": "change_how_it_works"}}, {"model": "auth.permission", "pk": 63, "fields": {"name": "Can delete how_it_works", "content_type": 16, "codename": "delete_how_it_works"}}, {"model": "auth.permission", "pk": 64, "fields": {"name": "Can view how_it_works", "content_type": 16, "codename": "view_how_it_works"}}, {"model": "auth.permission", "pk": 65, "fields": {"name": "Can add product_subcategory", "content_type": 17, "codename": "add_product_subcategory"}}, {"model": "auth.permission", "pk": 66, "fields": {"name": "Can change product_subcategory", "content_type": 17, "codename": "change_product_subcategory"}}, {"model": "auth.permission", "pk": 67, "fields": {"name": "Can delete product_subcategory", "content_type": 17, "codename": "delete_product_subcategory"}}, {"model": "auth.permission", "pk": 68, "fields": {"name": "Can view product_subcategory", "content_type": 17, "codename": "view_product_subcategory"}}, {"model": "auth.permission", "pk": 69, "fields": {"name": "Can add product_category", "content_type": 18, "codename": "add_product_category"}}, {"model": "auth.permission", "pk": 70, "fields": {"name": "Can change product_category", "content_type": 18, "codename": "change_product_category"}}, {"model": "auth.permission", "pk": 71, "fields": {"name": "Can delete product_category", "content_type": 18, "codename": "delete_product_category"}}, {"model": "auth.permission", "pk": 72, "fields": {"name": "Can view product_category", "content_type": 18, "codename": "view_product_category"}}, {"model": "auth.permission", "pk": 73, "fields": {"name": "Can add season", "content_type": 19, "codename": "add_season"}}, {"model": "auth.permission", "pk": 74, "fields": {"name": "Can change season", "content_type": 19, "codename": "change_season"}}, {"model": "auth.permission", "pk": 75, "fields": {"name": "Can delete season", "content_type": 19, "codename": "delete_season"}}, {"model": "auth.permission", "pk": 76, "fields": {"name": "Can view season", "content_type": 19, "codename": "view_season"}}, {"model": "auth.permission", "pk": 77, "fields": {"name": "Can add washing_method", "content_type": 20, "codename": "add_washing_method"}}, {"model": "auth.permission", "pk": 78, "fields": {"name": "Can change washing_method", "content_type": 20, "codename": "change_washing_method"}}, {"model": "auth.permission", "pk": 79, "fields": {"name": "Can delete washing_method", "content_type": 20, "codename": "delete_washing_method"}}, {"model": "auth.permission", "pk": 80, "fields": {"name": "Can view washing_method", "content_type": 20, "codename": "view_washing_method"}}, {"model": "auth.permission", "pk": 81, "fields": {"name": "Can add fabric_type", "content_type": 21, "codename": "add_fabric_type"}}, {"model": "auth.permission", "pk": 82, "fields": {"name": "Can change fabric_type", "content_type": 21, "codename": "change_fabric_type"}}, {"model": "auth.permission", "pk": 83, "fields": {"name": "Can delete fabric_type", "content_type": 21, "codename": "delete_fabric_type"}}, {"model": "auth.permission", "pk": 84, "fields": {"name": "Can view fabric_type", "content_type": 21, "codename": "view_fabric_type"}}, {"model": "auth.permission", "pk": 85, "fields": {"name": "Can add supplier product", "content_type": 22, "codename": "add_supplierproduct"}}, {"model": "auth.permission", "pk": 86, "fields": {"name": "Can change supplier product", "content_type": 22, "codename": "change_supplierproduct"}}, {"model": "auth.permission", "pk": 87, "fields": {"name": "Can delete supplier product", "content_type": 22, "codename": "delete_supplierproduct"}}, {"model": "auth.permission", "pk": 88, "fields": {"name": "Can view supplier product", "content_type": 22, "codename": "view_supplierproduct"}}, {"model": "auth.permission", "pk": 89, "fields": {"name": "Can add thread_type", "content_type": 23, "codename": "add_thread_type"}}, {"model": "auth.permission", "pk": 90, "fields": {"name": "Can change thread_type", "content_type": 23, "codename": "change_thread_type"}}, {"model": "auth.permission", "pk": 91, "fields": {"name": "Can delete thread_type", "content_type": 23, "codename": "delete_thread_type"}}, {"model": "auth.permission", "pk": 92, "fields": {"name": "Can view thread_type", "content_type": 23, "codename": "view_thread_type"}}, {"model": "auth.permission", "pk": 93, "fields": {"name": "Can add material_type1", "content_type": 24, "codename": "add_material_type1"}}, {"model": "auth.permission", "pk": 94, "fields": {"name": "Can change material_type1", "content_type": 24, "codename": "change_material_type1"}}, {"model": "auth.permission", "pk": 95, "fields": {"name": "Can delete material_type1", "content_type": 24, "codename": "delete_material_type1"}}, {"model": "auth.permission", "pk": 96, "fields": {"name": "Can view material_type1", "content_type": 24, "codename": "view_material_type1"}}, {"model": "auth.permission", "pk": 97, "fields": {"name": "Can add material_type2", "content_type": 25, "codename": "add_material_type2"}}, {"model": "auth.permission", "pk": 98, "fields": {"name": "Can change material_type2", "content_type": 25, "codename": "change_material_type2"}}, {"model": "auth.permission", "pk": 99, "fields": {"name": "Can delete material_type2", "content_type": 25, "codename": "delete_material_type2"}}, {"model": "auth.permission", "pk": 100, "fields": {"name": "Can view material_type2", "content_type": 25, "codename": "view_material_type2"}}, {"model": "auth.user", "pk": 1, "fields": {"password": "pbkdf2_sha256$216000$O41N6LKmXx3M$qmxvcK3QFH9SvcvMLQaLIeXjh+92NZUUM6gdX+TSbx4=", "last_login": "2021-03-12T14:10:19.157Z", "is_superuser": true, "username": "bahes", "first_name": "", "last_name": "", "email": "", "is_staff": true, "is_active": true, "date_joined": "2021-02-22T11:19:23.510Z", "groups": [], "user_permissions": []}}, {"model": "auth.user", "pk": 12, "fields": {"password": "pbkdf2_sha256$216000$aZq434aPoS00$H9FXUuvZwWjmnD6v38YTXEx7kz552sRq3/BAXX1wyDo=", "last_login": null, "is_superuser": false, "username": "superadmin@taqa.com", "first_name": "", "last_name": "", "email": "superadmin@taqa.com", "is_staff": false, "is_active": true, "date_joined": "2021-02-24T14:46:09.317Z", "groups": [], "user_permissions": []}}, {"model": "auth.user", "pk": 13, "fields": {"password": "pbkdf2_sha256$216000$0wKwTyd49yOs$nvZgDijMmBrZ2DQpAskIYY1dDnIGSkjRkHNRJ/O8VNE=", "last_login": null, "is_superuser": false, "username": "deepaksinghpatel052@gmail.com", "first_name": "", "last_name": "", "email": "deepaksinghpatel052@gmail.com", "is_staff": false, "is_active": true, "date_joined": "2021-02-25T06:39:53.303Z", "groups": [], "user_permissions": []}}, {"model": "auth.user", "pk": 17, "fields": {"password": "pbkdf2_sha256$216000$ovM4RLC9nJu1$jCHTmlpXuLY4bEdS7tpEZ8qqRE3zalF/7DtNfA6yJjw=", "last_login": "2021-03-07T18:25:45.379Z", "is_superuser": false, "username": "shiveshbhardwaj149@gmail.com", "first_name": "", "last_name": "", "email": "shiveshbhardwaj149@gmail.com", "is_staff": false, "is_active": true, "date_joined": "2021-02-25T07:56:37.342Z", "groups": [], "user_permissions": []}}, {"model": "auth.user", "pk": 18, "fields": {"password": "pbkdf2_sha256$216000$QY0ggn4AdKxq$tnnQVlRpkxgXJ7xJUOD5Jb5ewWwrSuFBhFIM5ex5Mew=", "last_login": "2021-03-11T16:48:55.320Z", "is_superuser": false, "username": "Shivesh.bhardwaj@digimonk.in", "first_name": "", "last_name": "", "email": "Shivesh.bhardwaj@digimonk.in", "is_staff": false, "is_active": true, "date_joined": "2021-02-25T08:03:13.881Z", "groups": [], "user_permissions": []}}, {"model": "auth.user", "pk": 19, "fields": {"password": "pbkdf2_sha256$216000$pxFApUXm8ai9$+MO6/Ygbh5j9gzsMAVaeq+AmkUy9Ionufe/1aHOxttE=", "last_login": "2021-02-25T12:31:53.900Z", "is_superuser": false, "username": "ankuryadav14396@gmail.com", "first_name": "", "last_name": "", "email": "ankuryadav14396@gmail.com", "is_staff": false, "is_active": true, "date_joined": "2021-02-25T12:30:23.045Z", "groups": [], "user_permissions": []}}, {"model": "auth.user", "pk": 20, "fields": {"password": "pbkdf2_sha256$216000$vTNaxTnUcVua$8rt3Ay5cw3R30GKxpj+Iwu1RFEDWhXkrfvFbIV93CH0=", "last_login": null, "is_superuser": false, "username": "deepakpatel@gmail.com", "first_name": "", "last_name": "", "email": "deepakpatel@gmail.com", "is_staff": false, "is_active": true, "date_joined": "2021-03-01T14:42:41.587Z", "groups": [], "user_permissions": []}}, {"model": "auth.user", "pk": 21, "fields": {"password": "pbkdf2_sha256$216000$WnhHpo39XJ4Q$47COnTBwx0GGBPGsR2EZa1oeCjTJqN6RbyWdKNTHwHE=", "last_login": "2021-03-04T05:58:11.793Z", "is_superuser": false, "username": "sandeep.sikarwar@digimonk.in", "first_name": "", "last_name": "", "email": "sandeep.sikarwar@digimonk.in", "is_staff": false, "is_active": true, "date_joined": "2021-03-04T05:37:35.084Z", "groups": [], "user_permissions": []}}, {"model": "auth.user", "pk": 22, "fields": {"password": "pbkdf2_sha256$216000$Ns2U9aZMeNGQ$Se0GlPz6LgpE1yo94SPKH3wTukiA/ziTiO2xoYAIUyI=", "last_login": null, "is_superuser": false, "username": "taqa@gmail.in", "first_name": "", "last_name": "", "email": "taqa@gmail.in", "is_staff": false, "is_active": true, "date_joined": "2021-03-10T08:47:34.196Z", "groups": [], "user_permissions": []}}, {"model": "contenttypes.contenttype", "pk": 1, "fields": {"app_label": "admin", "model": "logentry"}}, {"model": "contenttypes.contenttype", "pk": 2, "fields": {"app_label": "auth", "model": "permission"}}, {"model": "contenttypes.contenttype", "pk": 3, "fields": {"app_label": "auth", "model": "group"}}, {"model": "contenttypes.contenttype", "pk": 4, "fields": {"app_label": "auth", "model": "user"}}, {"model": "contenttypes.contenttype", "pk": 5, "fields": {"app_label": "contenttypes", "model": "contenttype"}}, {"model": "contenttypes.contenttype", "pk": 6, "fields": {"app_label": "sessions", "model": "session"}}, {"model": "contenttypes.contenttype", "pk": 7, "fields": {"app_label": "account", "model": "countries"}}, {"model": "contenttypes.contenttype", "pk": 8, "fields": {"app_label": "account", "model": "userprofile"}}, {"model": "contenttypes.contenttype", "pk": 9, "fields": {"app_label": "account", "model": "usertype"}}, {"model": "contenttypes.contenttype", "pk": 10, "fields": {"app_label": "services", "model": "tailorspecification"}}, {"model": "contenttypes.contenttype", "pk": 11, "fields": {"app_label": "services", "model": "supplierservices"}}, {"model": "contenttypes.contenttype", "pk": 12, "fields": {"app_label": "services", "model": "targetedcustomer"}}, {"model": "contenttypes.contenttype", "pk": 13, "fields": {"app_label": "survey", "model": "questionstable"}}, {"model": "contenttypes.contenttype", "pk": 14, "fields": {"app_label": "survey", "model": "useranswertable"}}, {"model": "contenttypes.contenttype", "pk": 15, "fields": {"app_label": "admin_settings", "model": "system_settings"}}, {"model": "contenttypes.contenttype", "pk": 16, "fields": {"app_label": "admin_settings", "model": "how_it_works"}}, {"model": "contenttypes.contenttype", "pk": 17, "fields": {"app_label": "products", "model": "product_subcategory"}}, {"model": "contenttypes.contenttype", "pk": 18, "fields": {"app_label": "products", "model": "product_category"}}, {"model": "contenttypes.contenttype", "pk": 19, "fields": {"app_label": "products", "model": "season"}}, {"model": "contenttypes.contenttype", "pk": 20, "fields": {"app_label": "products", "model": "washing_method"}}, {"model": "contenttypes.contenttype", "pk": 21, "fields": {"app_label": "products", "model": "fabric_type"}}, {"model": "contenttypes.contenttype", "pk": 22, "fields": {"app_label": "products", "model": "supplierproduct"}}, {"model": "contenttypes.contenttype", "pk": 23, "fields": {"app_label": "products", "model": "thread_type"}}, {"model": "contenttypes.contenttype", "pk": 24, "fields": {"app_label": "products", "model": "material_type1"}}, {"model": "contenttypes.contenttype", "pk": 25, "fields": {"app_label": "products", "model": "material_type2"}}, {"model": "sessions.session", "pk": "2gvmkp8vhzz5fb3dv9rpyu6874q49rmy", "fields": {"session_data": ".eJxVjEEOwiAQRe_C2hCYFgGX7nuGZhhmpGpoUtqV8e7apAvd_vfef6kRt7WMW-NlnLK6KKtOv1tCenDdQb5jvc2a5rouU9K7og_a9DBnfl4P9--gYCvfmkSQgbFnQz25nMADxi5xdC6ICIRo0GC06M6QKVgx4ENnqPNM4EW9PxWDOI8:1lKiUd:Lx9V_WNPFudG8vXWD69gT4qOOaYw_pePaW-YavANCM4", "expire_date": "2021-03-26T14:10:19.170Z"}}, {"model": "sessions.session", "pk": "4hxg032b8plfbivna5pqt8iqpiyd4kb9", "fields": {"session_data": ".eJxVjEEOwiAQRe_C2hCYFgGX7nuGZhhmpGpoUtqV8e7apAvd_vfef6kRt7WMW-NlnLK6KKtOv1tCenDdQb5jvc2a5rouU9K7og_a9DBnfl4P9--gYCvfmkSQgbFnQz25nMADxi5xdC6ICIRo0GC06M6QKVgx4ENnqPNM4EW9PxWDOI8:1lFGb0:oVeKE0ko2AIm6jLmf2_s31AaZ1fS0Z1AAUh8uq6j_74", "expire_date": "2021-03-11T13:22:22.960Z"}}, {"model": "sessions.session", "pk": "ad0z88g17805cwemgoqyfh9y6uusd2lm", "fields": {"session_data": ".eJxVjMsOwiAQRf-FtSHAAENduvcbyMAMtmrapI-V8d-1SRe6veec-1KZtrXP2yJzHlidlU3q9DsWqg8Zd8J3Gm-TrtO4zkPRu6IPuujrxPK8HO7fQU9L_60jELBzQMGVKikm452PhCmiFyNoaycsyCZ00IAbRocQbLO2NHQ-qPcH8as3Ug:1lJB85:VQOAl3PzNvVVCklLh4HSDzJ2bKuLQjXaOfU5-tLUL60", "expire_date": "2021-03-22T08:20:41.644Z"}}, {"model": "sessions.session", "pk": "emz6lzwezwi8cdhaj8uxxo51ehdwmpwk", "fields": {"session_data": ".eJxVjEEOwiAQRe_C2hCYFgGX7nuGZhhmpGpoUtqV8e7apAvd_vfef6kRt7WMW-NlnLK6KKtOv1tCenDdQb5jvc2a5rouU9K7og_a9DBnfl4P9--gYCvfmkSQgbFnQz25nMADxi5xdC6ICIRo0GC06M6QKVgx4ENnqPNM4EW9PxWDOI8:1lEcaM:uVXjGUQQaKyn6WcLQhOOQ3tYxUxjoki06PsF8jAPuaU", "expire_date": "2021-03-09T18:39:02.205Z"}}, {"model": "sessions.session", "pk": "ne7ahzk5bj6d43tkpv714y5impefh6ym", "fields": {"session_data": ".eJxVjMsOwiAQRf-FtSFQeQwu3fcbyAwMUjU0Ke3K-O_apAvd3nPOfYmI21rj1nmJUxYXoYM4_Y6E6cFtJ_mO7TbLNLd1mUjuijxol-Oc-Xk93L-Dir1-a8NYPBowmHlwmKHY4jwAOdIePdsynNmA0sEktAETWQOagrLJkgIn3h8mWzhL:1lFFo9:Zzz_J_AprE1LMfPdjVCs8wwB7ecSx1PpUKaGp68tHJE", "expire_date": "2021-03-11T12:31:53.913Z"}}, {"model": "sessions.session", "pk": "pevinz9xlqmyl41o1ajvfim6hpbvc407", "fields": {"session_data": ".eJxVjEEOwiAQRe_C2hCYFgGX7nuGZhhmpGpoUtqV8e7apAvd_vfef6kRt7WMW-NlnLK6KKtOv1tCenDdQb5jvc2a5rouU9K7og_a9DBnfl4P9--gYCvfmkSQgbFnQz25nMADxi5xdC6ICIRo0GC06M6QKVgx4ENnqPNM4EW9PxWDOI8:1lIRl3:9cLsDyMmceBqjVEHviPocrX27cr8wHK4i4Z-3MSagxs", "expire_date": "2021-03-20T07:53:53.586Z"}}, {"model": "sessions.session", "pk": "rl11d7rbgwsdlf6lyfx6zdoy6nkjmy18", "fields": {"session_data": "e30:1lHgxK:aR5EyZdJAvVKklG0pkVxLTJr5NSfjPmRivAh8xljFqU", "expire_date": "2021-03-18T05:55:26.509Z"}}, {"model": "sessions.session", "pk": "sqeuxkhz8n1zcbvuagianh96c1ue5rei", "fields": {"session_data": "eyJfcGFzc3dvcmRfcmVzZXRfdG9rZW4iOiJhaXoxbGUtOTVmODhmZjA2YWEwY2MzOGE5MTcwNDEzY2E0NjY3ODkifQ:1lHgts:WzYMNy1TjDMdWXwVbmOsWT4axA2hHYH7qaavAFQfAb8", "expire_date": "2021-03-18T05:51:52.664Z"}}, {"model": "sessions.session", "pk": "uyzxtzwll27pixmeqfxq27hlsrqr4n6m", "fields": {"session_data": ".eJxVjMsOwiAQAP-FsyGwLC-P3vsNzQKLVE2blPZk_HfTpAe9zkzmLUbatzbunddxKuIqUFx-WaL85PkQ5UHzfZF5mbd1SvJI5Gm7HJbCr9vZ_g0a9XZsmaNJ1ms02WJATIxGFReLNw6C074GZSFTBFAZqEYPmi2SYtSmavH5Arr-NrE:1lEynm:gyMoHh1ruLXqFcXtn4LVRcJEwU5_GqPow0dCxo69JX8", "expire_date": "2021-03-10T18:22:22.392Z"}}, {"model": "sessions.session", "pk": "v2iysahx3h5g8qumm5fhbnegf3g34m9u", "fields": {"session_data": ".eJxVjMsOwiAQRf-FtSHAILQu3fcbyAzD2KqBpI-V8d-1SRe6veec-1IJt3VM21LmNLG6KNup0-9ImB-l7oTvWG9N51bXeSK9K_qgix4al-f1cP8ORlzGb-1ZYigEEZyPPRshEs-ACI47MWJyHwJwNhxF0JM9Z5DoyeXA1gKp9wcpDzjt:1lKOUZ:-BTP2IbVetUeB7onU4UZnnFMwFjDtdMOAMq8TCcKIKU", "expire_date": "2021-03-25T16:48:55.333Z"}}, {"model": "sessions.session", "pk": "wrgsfh2ny5sgzo9ov0b99dni28n00ye4", "fields": {"session_data": ".eJxVjMsOwiAQRf-FtSE8AgMu3fsNZJgBqRqalHZl_Hdt0oVu7znnvkTCbW1pG2VJE4uz0EGcfseM9Ch9J3zHfpslzX1dpix3RR50yOvM5Xk53L-DhqN9a68zMCjKVauq2aJztphqHETOCgJQNIGt9V7X7NGqiFRAO6ZIRikn3h8G4jfQ:1lJuZe:FUpm1IarsTSbMTx6v1LUOJfCpCIIjakvDu2jtGVAUAI", "expire_date": "2021-03-24T08:52:10.231Z"}}, {"model": "sessions.session", "pk": "zld4do7nerf7i3m8aa1eknbj5ro925ih", "fields": {"session_data": ".eJxVjMsOwiAQRf-FtSHAAENduvcbyMAMtmrapI-V8d-1SRe6veec-1KZtrXP2yJzHlidlU3q9DsWqg8Zd8J3Gm-TrtO4zkPRu6IPuujrxPK8HO7fQU9L_60jELBzQMGVKikm452PhCmiFyNoaycsyCZ00IAbRocQbLO2NHQ-qPcH8as3Ug:1lI4JM:YcaDXzUmve-5wWKsVGyVp6zKfZqd37FQ7LLRzzMe2mk", "expire_date": "2021-03-19T06:51:44.067Z"}}, {"model": "account.userprofile", "pk": 11, "fields": {"user_id": 12, "full_name": "Rahul", "image": "images/Mask.png", "tel_code": 91, "phone": 25335, "address": null, "country": 1, "user_type": 2, "online_status": true, "verify_status": false, "otp": "0435", "created_date": "2021-02-24T14:46:09Z", "created_by": 12}}, {"model": "account.userprofile", "pk": 12, "fields": {"user_id": 13, "full_name": "Deepak", "image": "images/john_pic.png", "tel_code": 23, "phone": 9753164268, "address": null, "country": 1, "user_type": 2, "online_status": true, "verify_status": true, "otp": "6852", "created_date": "2021-02-25T06:39:53Z", "created_by": 13}}, {"model": "account.userprofile", "pk": 16, "fields": {"user_id": 17, "full_name": "Shivesh Bhardwaj", "image": "", "tel_code": 351513, "phone": 235245245234, "address": null, "country": 1, "user_type": 1, "online_status": true, "verify_status": true, "otp": "4228", "created_date": "2021-02-25T07:56:37.342Z", "created_by": 17}}, {"model": "account.userprofile", "pk": 17, "fields": {"user_id": 18, "full_name": "Shivesh", "image": "images/photo_SbkesOR.png", "tel_code": 42342, "phone": 352352452452, "address": null, "country": 1, "user_type": 2, "online_status": true, "verify_status": true, "otp": "4863", "created_date": "2021-02-25T08:03:13Z", "created_by": 18}}, {"model": "account.userprofile", "pk": 18, "fields": {"user_id": 19, "full_name": "Ankur Yadav", "image": "images/profile-1.jpg", "tel_code": 21, "phone": 7509783073, "address": null, "country": 1, "user_type": 2, "online_status": true, "verify_status": true, "otp": "3621", "created_date": "2021-02-25T12:30:23Z", "created_by": 19}}, {"model": "account.userprofile", "pk": 19, "fields": {"user_id": 20, "full_name": "Deepak Patel", "image": "", "tel_code": 91, "phone": 8435144608, "address": null, "country": 1, "user_type": 2, "online_status": true, "verify_status": false, "otp": "9268", "created_date": "2021-03-01T14:42:41.587Z", "created_by": 20}}, {"model": "account.userprofile", "pk": 20, "fields": {"user_id": 21, "full_name": "Deepak Singh Patel ", "image": "images/photo_TclHGCK.png", "tel_code": 23, "phone": 8435144609, "address": null, "country": 1, "user_type": 2, "online_status": true, "verify_status": true, "otp": "6758", "created_date": "2021-03-04T05:37:35.084Z", "created_by": 21}}, {"model": "account.userprofile", "pk": 21, "fields": {"user_id": 22, "full_name": "Rajat Kumar", "image": "", "tel_code": 91, "phone": 9874563210, "address": null, "country": 1, "user_type": 2, "online_status": true, "verify_status": false, "otp": "5834", "created_date": "2021-03-10T08:47:34.196Z", "created_by": 22}}, {"model": "account.countries", "pk": 1, "fields": {"country_name": "India", "created_date": "2021-02-23T18:44:24Z", "created_by": 1}}, {"model": "account.countries", "pk": 2, "fields": {"country_name": "kuwait", "created_date": "2021-02-23T18:44:32Z", "created_by": 1}}, {"model": "account.usertype", "pk": 1, "fields": {"type_name": "customer", "image": "usertype_img/Layer_x0020_1.png", "created_date": "2021-02-23T06:47:03Z", "created_by": 1}}, {"model": "account.usertype", "pk": 2, "fields": {"type_name": "supplier", "image": "usertype_img/suppliers.png", "created_date": "2021-02-23T06:47:28Z", "created_by": 1}}, {"model": "services.tailorspecification", "pk": 1, "fields": {"tailor_speci": "Deshdasha", "img": "services_images/N11564112V_1_2.jpg", "description": "The thawb is commonly worn by men in the Arabian Peninsula, Iraq, and other Arab countries in the Arabian Gulf. It is normally made of cotton, but heavier materials such as sheep's wool can also be used, especially in colder climates in Iraq and Syria.[1] The style of the thawb varies slightly among", "created_dt": "2021-02-24T07:15:16Z", "created_by": 1}}, {"model": "services.tailorspecification", "pk": 2, "fields": {"tailor_speci": "Gown Dresses", "img": "services_images/dipak_studios.jpg", "description": "Casual Dresses & Formal Dresses Make work interesting by adding a fusion flavour to your work wear.", "created_dt": "2021-02-24T07:16:50Z", "created_by": 1}}, {"model": "services.tailorspecification", "pk": 3, "fields": {"tailor_speci": "Casual Clothes", "img": "services_images/w5-500x500.jpeg", "description": "With the popularity of spectator sports in the late 20th century, a good deal of athletic gear has influenced casual wear, such as jogging suits, running shoes, and track clothing. Work wear worn for manual labor also falls into casual wear. Basic materials used for casual wear include denim, cotton", "created_dt": "2021-02-24T07:17:18Z", "created_by": 1}}, {"model": "services.tailorspecification", "pk": 4, "fields": {"tailor_speci": "suit resizing", "img": "services_images/service-2-1170x658.png", "description": "Image result for suit resizing about\r\nThe rule of thumb is that you can go down two sizes at a maximum, but a suit jacket or blazer only one size too large is a safer option. The problem is always that jackets that are too large can also be too large in the shoulders, which is a more challenging thi", "created_dt": "2021-02-25T08:56:24Z", "created_by": 1}}, {"model": "services.tailorspecification", "pk": 5, "fields": {"tailor_speci": "wedding services", "img": "services_images/service-3-1170x658.png", "description": "A wedding planner is a professional who assists with the design, planning and management of a client's wedding. Weddings are significant events in people's lives and as such, couples are often willing to spend considerable amount of money to ensure that their weddings are well-organized. Wedding pla", "created_dt": "2021-02-25T08:58:15Z", "created_by": 1}}, {"model": "services.tailorspecification", "pk": 6, "fields": {"tailor_speci": "custom accessories", "img": "services_images/service-1-1170x658.png", "description": "Fashion accessories can be loosely categorized into two general areas: those that are carried and those that are worn. Traditionally carried accessories include purses and handbags, hand fans, parasols and umbrellas, wallets, canes, and ceremonial swords. Accessories that are worn may include jacket", "created_dt": "2021-02-25T08:58:36Z", "created_by": 1}}, {"model": "services.targetedcustomer", "pk": 1, "fields": {"name": "male", "created_dt": "2021-02-24T07:17:57Z", "created_by": 1}}, {"model": "services.targetedcustomer", "pk": 2, "fields": {"name": "female", "created_dt": "2021-02-24T07:18:05Z", "created_by": 1}}, {"model": "services.supplierservices", "pk": 4, "fields": {"user_id": 19, "country_id": 1, "tailor_speci_id": 1, "tailor_experience": "4-5", "address": "", "status": true, "ship_outside_country": true, "created_dt": "2021-02-26T10:55:12Z", "created_by": 19, "targeted_customer": [1, 2], "tailor_staff_gender": [1]}}, {"model": "services.supplierservices", "pk": 5, "fields": {"user_id": 13, "country_id": 2, "tailor_speci_id": 1, "tailor_experience": "6-7", "address": "test", "status": true, "ship_outside_country": true, "created_dt": "2021-02-26T11:00:52Z", "created_by": 13, "targeted_customer": [2], "tailor_staff_gender": [1, 2]}}, {"model": "services.supplierservices", "pk": 6, "fields": {"user_id": 12, "country_id": 1, "tailor_speci_id": 1, "tailor_experience": "3", "address": "test", "status": true, "ship_outside_country": false, "created_dt": "2021-02-26T11:03:31Z", "created_by": 12, "targeted_customer": [1], "tailor_staff_gender": [1]}}, {"model": "services.supplierservices", "pk": 7, "fields": {"user_id": 18, "country_id": 1, "tailor_speci_id": 3, "tailor_experience": "3", "address": "fawegv", "status": true, "ship_outside_country": true, "created_dt": "2021-03-05T13:41:16.967Z", "created_by": 18, "targeted_customer": [1, 2], "tailor_staff_gender": [1, 2]}}, {"model": "services.supplierservices", "pk": 8, "fields": {"user_id": 18, "country_id": 1, "tailor_speci_id": 1, "tailor_experience": "3", "address": "bss", "status": true, "ship_outside_country": false, "created_dt": "2021-03-05T13:50:50.360Z", "created_by": 18, "targeted_customer": [1, 2], "tailor_staff_gender": [1, 2]}}, {"model": "services.supplierservices", "pk": 9, "fields": {"user_id": 18, "country_id": 1, "tailor_speci_id": 5, "tailor_experience": "3", "address": "x xfccx", "status": true, "ship_outside_country": true, "created_dt": "2021-03-05T14:01:14.747Z", "created_by": 18, "targeted_customer": [1, 2], "tailor_staff_gender": [1, 2]}}, {"model": "products.product_category", "pk": 1, "fields": {"category_name": "Fabrics", "image": "product_category_img/g-2.png", "created_dt": "2021-02-27T09:10:05Z", "created_by": 1, "slug": "fabrics"}}, {"model": "products.product_category", "pk": 2, "fields": {"category_name": "Sewing, yarn and accessories", "image": "", "created_dt": "2021-02-27T09:10:18Z", "created_by": 1, "slug": "sewing-yar-and-accessories"}}, {"model": "products.product_subcategory", "pk": 1, "fields": {"product_category_id": 2, "image": "product_category_img/g-3.png", "subcategory_name": "Threads", "created_dt": "2021-02-27T09:11:16Z", "created_by": 1, "slug": "threads"}}, {"model": "products.product_subcategory", "pk": 2, "fields": {"product_category_id": 2, "image": "product_category_img/g-4.png", "subcategory_name": "buttons and closures", "created_dt": "2021-02-27T09:11:32Z", "created_by": 1, "slug": "buttons-and-closures"}}, {"model": "products.product_subcategory", "pk": 3, "fields": {"product_category_id": 2, "image": "product_category_img/g-1.png", "subcategory_name": "zippers,tape,trim and elastic", "created_dt": "2021-02-27T09:12:59Z", "created_by": 1, "slug": "zipperstapetrim-and-elastic"}}, {"model": "products.thread_type", "pk": 1, "fields": {"name": "cotton", "created_dt": "2021-02-28T10:58:40Z", "created_by": 1}}, {"model": "products.thread_type", "pk": 2, "fields": {"name": "silk", "created_dt": "2021-02-28T10:58:51Z", "created_by": 1}}, {"model": "products.thread_type", "pk": 3, "fields": {"name": "wood", "created_dt": "2021-02-28T10:59:15Z", "created_by": 1}}, {"model": "products.fabric_type", "pk": 1, "fields": {"name": "cotton", "created_dt": "2021-02-27T12:30:08Z", "created_by": 1}}, {"model": "products.fabric_type", "pk": 2, "fields": {"name": "linen", "created_dt": "2021-02-27T12:30:17Z", "created_by": 1}}, {"model": "products.fabric_type", "pk": 3, "fields": {"name": "leather", "created_dt": "2021-02-27T12:30:39Z", "created_by": 1}}, {"model": "products.fabric_type", "pk": 4, "fields": {"name": "silk", "created_dt": "2021-02-27T12:30:52Z", "created_by": 1}}, {"model": "products.fabric_type", "pk": 5, "fields": {"name": "crepe", "created_dt": "2021-02-27T12:31:04Z", "created_by": 1}}, {"model": "products.fabric_type", "pk": 6, "fields": {"name": "jokh", "created_dt": "2021-02-27T12:31:15Z", "created_by": 1}}, {"model": "products.fabric_type", "pk": 7, "fields": {"name": "jacktar", "created_dt": "2021-02-27T12:31:27Z", "created_by": 1}}, {"model": "products.washing_method", "pk": 1, "fields": {"name": "1", "image": "washing_method_img/Laundry.png", "created_dt": "2021-02-27T09:36:07Z", "created_by": 1}}, {"model": "products.washing_method", "pk": 2, "fields": {"name": "2", "image": "washing_method_img/Laundry_q3djEqe.png", "created_dt": "2021-02-27T09:38:19Z", "created_by": 1}}, {"model": "products.washing_method", "pk": 3, "fields": {"name": "3", "image": "washing_method_img/Laundry_kTbAUAy.png", "created_dt": "2021-02-27T09:38:36Z", "created_by": 1}}, {"model": "products.washing_method", "pk": 4, "fields": {"name": "4", "image": "washing_method_img/Laundry_SXQaAmn.png", "created_dt": "2021-02-27T09:38:49Z", "created_by": 1}}, {"model": "products.washing_method", "pk": 5, "fields": {"name": "5", "image": "washing_method_img/Laundry_PwQD9Zw.png", "created_dt": "2021-02-27T09:39:01Z", "created_by": 1}}, {"model": "products.material_type1", "pk": 1, "fields": {"name": "wood", "created_dt": "2021-03-01T04:52:32Z", "created_by": 1}}, {"model": "products.material_type1", "pk": 2, "fields": {"name": "plastic", "created_dt": "2021-03-01T04:53:08Z", "created_by": 1}}, {"model": "products.material_type1", "pk": 4, "fields": {"name": "metal", "created_dt": "2021-03-01T04:53:45Z", "created_by": 1}}, {"model": "products.material_type2", "pk": 1, "fields": {"name": "satin", "created_dt": "2021-03-01T04:54:22Z", "created_by": 1}}, {"model": "products.material_type2", "pk": 2, "fields": {"name": "wool", "created_dt": "2021-03-01T04:54:29Z", "created_by": 1}}, {"model": "products.season", "pk": 5, "fields": {"season_name": "winter", "created_dt": "2021-03-06T11:37:16Z", "created_by": 1}}, {"model": "products.season", "pk": 6, "fields": {"season_name": "summer", "created_dt": "2021-03-06T11:37:25Z", "created_by": 1}}, {"model": "products.season", "pk": 7, "fields": {"season_name": "Rainy", "created_dt": "2021-03-06T11:37:32Z", "created_by": 1}}, {"model": "products.supplierproduct", "pk": 16, "fields": {"user_id": 18, "product_category": 1, "Product_subcategory": null, "country_origin": 1, "fabrictype": 3, "threadtype": null, "material_type1": null, "material_type2": null, "color": "[\"#ff1a1d\", \"#ff751a\", \"#320de7\"]", "price": "221.000", "quantity": 32, "width_size": "2.000", "roller": null, "other_description": "rer", "image_1": "product_img/download_dMY2yUi.jpg", "image_2": "product_img/second.png", "created_dt": "2021-03-03T15:46:36Z", "status": true, "washing_method": [1], "season": []}}, {"model": "products.supplierproduct", "pk": 17, "fields": {"user_id": 18, "product_category": 1, "Product_subcategory": null, "country_origin": 2, "fabrictype": 2, "threadtype": null, "material_type1": null, "material_type2": null, "color": "[\"#ff1a1d\", \"#ff751a\", \"#320de7\"]", "price": "234.000", "quantity": 32, "width_size": "50.000", "roller": null, "other_description": "sfa", "image_1": "product_img/download_5VEsk8P.jpg", "image_2": "product_img/second_9SVbmAD.png", "created_dt": "2021-03-03T15:49:04Z", "status": true, "washing_method": [1, 2, 3], "season": []}}, {"model": "products.supplierproduct", "pk": 18, "fields": {"user_id": 18, "product_category": 1, "Product_subcategory": null, "country_origin": 2, "fabrictype": 2, "threadtype": null, "material_type1": null, "material_type2": null, "color": null, "price": "23.000", "quantity": 32, "width_size": "50.000", "roller": null, "other_description": "sccs", "image_1": "product_img/download_vaGktpw.jpg", "image_2": "product_img/download_VVABTVd.jpg", "created_dt": "2021-03-03T16:04:21Z", "status": true, "washing_method": [3], "season": []}}, {"model": "products.supplierproduct", "pk": 19, "fields": {"user_id": 18, "product_category": 2, "Product_subcategory": 1, "country_origin": null, "fabrictype": null, "threadtype": null, "material_type1": null, "material_type2": null, "color": null, "price": "23.000", "quantity": 32, "width_size": null, "roller": null, "other_description": "test", "image_1": "product_img/first_yia9TT6.png", "image_2": "product_img/second_DfW5VzQ.png", "created_dt": "2021-03-03T16:22:06.935Z", "status": true, "washing_method": [], "season": []}}, {"model": "products.supplierproduct", "pk": 22, "fields": {"user_id": 18, "product_category": 2, "Product_subcategory": 1, "country_origin": null, "fabrictype": null, "threadtype": 3, "material_type1": null, "material_type2": null, "color": null, "price": "23.000", "quantity": 32, "width_size": null, "roller": null, "other_description": "dsv jaBD K> VHAD> ", "image_1": "product_img/first_TYgsRkr.png", "image_2": "product_img/second_1Yo3qh7.png", "created_dt": "2021-03-03T17:12:42.605Z", "status": true, "washing_method": [], "season": []}}, {"model": "products.supplierproduct", "pk": 23, "fields": {"user_id": 18, "product_category": 2, "Product_subcategory": 2, "country_origin": 2, "fabrictype": null, "threadtype": null, "material_type1": null, "material_type2": null, "color": null, "price": "23.000", "quantity": null, "width_size": "3.000", "roller": null, "other_description": " zc", "image_1": "product_img/first_ZDKVA94.png", "image_2": "product_img/second_mT20Ykd.png", "created_dt": "2021-03-03T17:20:28.223Z", "status": true, "washing_method": [], "season": []}}, {"model": "products.supplierproduct", "pk": 24, "fields": {"user_id": 18, "product_category": 2, "Product_subcategory": 2, "country_origin": 1, "fabrictype": null, "threadtype": null, "material_type1": 1, "material_type2": null, "color": null, "price": "23.000", "quantity": null, "width_size": "50.000", "roller": null, "other_description": "test", "image_1": "product_img/first_7KEsIer.png", "image_2": "product_img/second_CHOlNsh.png", "created_dt": "2021-03-03T17:25:47.673Z", "status": true, "washing_method": [], "season": []}}, {"model": "products.supplierproduct", "pk": 26, "fields": {"user_id": 18, "product_category": 1, "Product_subcategory": null, "country_origin": 1, "fabrictype": 5, "threadtype": null, "material_type1": null, "material_type2": null, "color": "[\"#ff1a1d\", \"#ff751a\", \"#320de7\"]", "price": "23214.000", "quantity": 32, "width_size": "5.000", "roller": null, "other_description": "dvs ", "image_1": "product_img/first_7Qg47aP.png", "image_2": "product_img/second_GxYN4zJ.png", "created_dt": "2021-03-04T12:59:36.173Z", "status": true, "washing_method": [], "season": []}}, {"model": "products.supplierproduct", "pk": 27, "fields": {"user_id": 18, "product_category": 1, "Product_subcategory": null, "country_origin": 1, "fabrictype": 2, "threadtype": null, "material_type1": null, "material_type2": null, "color": "[\"#ff1a1d\", \"#2c2848\", \"#1abaff\", \"#1afffb\"]", "price": "23214.000", "quantity": 32, "width_size": "3.000", "roller": null, "other_description": "shivesh", "image_1": "product_img/first_ZKZzWJ5.png", "image_2": "product_img/second_g6u4aQS.png", "created_dt": "2021-03-05T07:31:29.232Z", "status": true, "washing_method": [1], "season": []}}, {"model": "products.supplierproduct", "pk": 28, "fields": {"user_id": 18, "product_category": 2, "Product_subcategory": 2, "country_origin": 2, "fabrictype": null, "threadtype": null, "material_type1": 1, "material_type2": null, "color": "[\"#ffb61a\", \"#ffb61a\", \"#ffb61a\", \"#1aff40\", \"#ffb61a\", \"#ffb61a\", \"#ffb61a\"]", "price": "235555555555.000", "quantity": null, "width_size": "4.000", "roller": null, "other_description": "hellooo ", "image_1": "product_img/first_taucSPJ.png", "image_2": "product_img/second_bav0Ds1.png", "created_dt": "2021-03-05T08:32:33.999Z", "status": false, "washing_method": [], "season": []}}, {"model": "products.supplierproduct", "pk": 29, "fields": {"user_id": 18, "product_category": 2, "Product_subcategory": 3, "country_origin": 2, "fabrictype": null, "threadtype": null, "material_type1": null, "material_type2": 1, "color": "[\"#292929\", \"#ff1a3c\", \"#29ff1a\", \"#afff1a\"]", "price": "170.000", "quantity": null, "width_size": "71.000", "roller": "2414", "other_description": "shihasbjc", "image_1": "product_img/first_6kYRoQA.png", "image_2": "product_img/second_Qkzt8uV.png", "created_dt": "2021-03-05T08:34:36.150Z", "status": true, "washing_method": [], "season": []}}, {"model": "products.supplierproduct", "pk": 30, "fields": {"user_id": 18, "product_category": 2, "Product_subcategory": 1, "country_origin": null, "fabrictype": null, "threadtype": 1, "material_type1": null, "material_type2": null, "color": "[\"#ffb61a\", \"#423d34\", \"#73613a\", \"#1addff\", \"#ffb61a\", \"#ffb61a\"]", "price": "233.000", "quantity": 3466, "width_size": null, "roller": null, "other_description": "mr shivesh", "image_1": "product_img/first_bnkuESb.png", "image_2": "product_img/second_slqfLQM.png", "created_dt": "2021-03-05T09:12:39.657Z", "status": true, "washing_method": [], "season": []}}, {"model": "products.supplierproduct", "pk": 32, "fields": {"user_id": 18, "product_category": 1, "Product_subcategory": null, "country_origin": 2, "fabrictype": 3, "threadtype": null, "material_type1": null, "material_type2": null, "color": "[\"#2e2c29\", \"#ffb61a\", \"#5d4e2d\", \"#ffb61a\", \"#ffb61a\"]", "price": "202.000", "quantity": 32, "width_size": "3.000", "roller": null, "other_description": "shivesh bhar", "image_1": "product_img/first_fTqbs7e.png", "image_2": "product_img/second_j9lri1D.png", "created_dt": "2021-03-06T10:55:07Z", "status": true, "washing_method": [1, 3], "season": [5, 6]}}, {"model": "products.supplierproduct", "pk": 36, "fields": {"user_id": 18, "product_category": 1, "Product_subcategory": null, "country_origin": 1, "fabrictype": 7, "threadtype": null, "material_type1": null, "material_type2": null, "color": "[]", "price": "83729.000", "quantity": 53222, "width_size": "99.000", "roller": null, "other_description": "hello mr", "image_1": "product_img/first_gO6NYWJ.png", "image_2": "product_img/second_pU7dwHK.png", "created_dt": "2021-03-06T12:24:44.602Z", "status": true, "washing_method": [1, 2, 3], "season": [7]}}, {"model": "products.supplierproduct", "pk": 38, "fields": {"user_id": 18, "product_category": 2, "Product_subcategory": 3, "country_origin": 1, "fabrictype": null, "threadtype": null, "material_type1": null, "material_type2": 2, "color": "[\"#979287\", \"#8e753e\", \"#ffb61a\", \"#ffb61a\", \"#ffb61a\", \"#ffb61a\", \"#ffb61a\", \"#571aff\", \"#ffb61a\", \"#ffb61a\"]", "price": "1700.230", "quantity": null, "width_size": "96.000", "roller": "2414000dfs bd", "other_description": "sgvwr bsa nna shivesh", "image_1": "product_img/first_O2fWPg5.png", "image_2": "product_img/second_jDxnTSR.png", "created_dt": "2021-03-06T12:57:19.597Z", "status": true, "washing_method": [], "season": []}}, {"model": "products.supplierproduct", "pk": 39, "fields": {"user_id": 18, "product_category": 2, "Product_subcategory": 1, "country_origin": null, "fabrictype": null, "threadtype": 1, "material_type1": null, "material_type2": null, "color": "[\"#ffb61a\"]", "price": "300.000", "quantity": 300, "width_size": null, "roller": null, "other_description": "The thawb is commonly worn by men in the Arabian Peninsula, Iraq, and other Arab countries in the Arabian Gulf. It is normally made of cotton, but heavier materials such as sheep's wool can also be used, especially in colder climates in Iraq ", "image_1": "product_img/first_qB9ATH2.png", "image_2": "product_img/second_kKFNAM5.png", "created_dt": "2021-03-10T08:02:56.893Z", "status": true, "washing_method": [], "season": []}}, {"model": "survey.questionstable", "pk": 1, "fields": {"question": "Are you a ?", "option_a": "manufacturer", "option_b": "wholesaler", "option_c": "manufacturer/wholesaler", "option_d": "manufacturer/wholesaler agency", "answer": "manufacturer", "question_for": 2, "priority_type": 1, "created_by": 1}}, {"model": "survey.questionstable", "pk": 2, "fields": {"question": "What products do you mostly  ?", "option_a": "produce", "option_b": "sell", "option_c": "produce and sell", "option_d": "produce and sell according customer", "answer": "produce and sell according customer", "question_for": 2, "priority_type": 2, "created_by": 1}}, {"model": "survey.questionstable", "pk": 3, "fields": {"question": "What are your typical payment terms or timelines?", "option_a": "Whole payment before production", "option_b": "Installment", "option_c": "payment after production", "option_d": "Different terms", "answer": "Whole payment before production", "question_for": 2, "priority_type": 3, "created_by": 1}}, {"model": "survey.questionstable", "pk": 4, "fields": {"question": "How would you handle defective items in my order?", "option_a": "exchange", "option_b": "money return", "option_c": "will use different way", "option_d": "all of three", "answer": "all of three", "question_for": 2, "priority_type": 4, "created_by": 1}}, {"model": "survey.questionstable", "pk": 5, "fields": {"question": "What kind of services you want  ?", "option_a": "readymade clothes", "option_b": "Order for sewing clothes", "option_c": "different service", "option_d": "all of three", "answer": "all of three", "question_for": 1, "priority_type": 1, "created_by": 1}}, {"model": "survey.questionstable", "pk": 6, "fields": {"question": "How will you to give measurement for sewing clothes ?", "option_a": "At supplier office", "option_b": "Online", "option_c": "Provide old cloth for measurement", "option_d": "All three", "answer": "All three", "question_for": 1, "priority_type": 2, "created_by": 1}}, {"model": "survey.useranswertable", "pk": 25, "fields": {"user": 17, "question": 5, "answer": "readymade clothes"}}, {"model": "survey.useranswertable", "pk": 26, "fields": {"user": 17, "question": 6, "answer": "All three"}}, {"model": "survey.useranswertable", "pk": 27, "fields": {"user": 18, "question": 1, "answer": "manufacturer/wholesaler agency"}}, {"model": "survey.useranswertable", "pk": 28, "fields": {"user": 18, "question": 2, "answer": "produce and sell according customer"}}, {"model": "survey.useranswertable", "pk": 29, "fields": {"user": 18, "question": 3, "answer": "Different terms"}}, {"model": "survey.useranswertable", "pk": 30, "fields": {"user": 18, "question": 4, "answer": "all of three"}}, {"model": "survey.useranswertable", "pk": 31, "fields": {"user": 19, "question": 1, "answer": "manufacturer"}}, {"model": "survey.useranswertable", "pk": 32, "fields": {"user": 19, "question": 2, "answer": "produce"}}, {"model": "survey.useranswertable", "pk": 33, "fields": {"user": 19, "question": 3, "answer": "Installment"}}, {"model": "survey.useranswertable", "pk": 34, "fields": {"user": 19, "question": 4, "answer": "all of three"}}, {"model": "survey.useranswertable", "pk": 35, "fields": {"user": 21, "question": 1, "answer": "manufacturer/wholesaler agency"}}, {"model": "survey.useranswertable", "pk": 36, "fields": {"user": 21, "question": 2, "answer": "produce"}}, {"model": "survey.useranswertable", "pk": 37, "fields": {"user": 21, "question": 3, "answer": "Whole payment before production"}}, {"model": "survey.useranswertable", "pk": 38, "fields": {"user": 21, "question": 4, "answer": "all of three"}}, {"model": "admin_settings.how_it_works", "pk": 1, "fields": {"title": "Register", "image": "how_it_work_images/work-1.png", "line_image": "how_it_work_images/layer.png", "description": "Enter All Suppliers details by going to Supplier tab and click supplier register. Enter all Tailors details by going to Tailor tab and click Tailor Register button. ... Enter measurement, enter style,", "created_date": "2021-02-26T05:51:44Z", "created_by": 1}}, {"model": "admin_settings.how_it_works", "pk": 2, "fields": {"title": "List your business", "image": "how_it_work_images/work-2.png", "line_image": "how_it_work_images/layer_0EGRi54.png", "description": "Fabric selection Style selection covering collar, buttons, cuffs etc. Submission of measurements Payment and delivery details", "created_date": "2021-02-26T06:09:19Z", "created_by": 1}}, {"model": "admin_settings.how_it_works", "pk": 3, "fields": {"title": "Talk To Customers", "image": "how_it_work_images/work-3.png", "line_image": "", "description": "Here is the platform where customer or supplier can easily contact and can get services and products that is provided by  suppliers", "created_date": "2021-02-26T06:11:17Z", "created_by": 1}}, {"model": "admin_settings.system_settings", "pk": 1, "fields": {"logo": "logo_images/logo.png", "footer_logo": "logo_images/footer-logo.png", "header_bg_img": "header_bg_img_images/banner.png", "service_counter": 500, "product_counter": 1000, "supplier_counter": 100, "header_service_icon": "icon_images/icon-3_h5ArQbC.png", "header_supplier_icon": "icon_images/Suppliers_ytMgH38.png", "service_icon": "icon_images/Layer_x0020_1-1_FtSzvrz.png", "supplier_icon": "icon_images/Group_262_Fvv1slF.png", "product_icon": "icon_images/Layer_x0020_1-2.png", "about_image": "about_images/bg-image.png", "about_title": "About BAH'ES", "about_description": "There is much more to this. If you want to get inspired with some easy to make and innovative sewing tips, mixed media creations and many other beautiful tips and techniques. Just visit and follow our blog", "fb": "https://www.facebook.com/", "twitter": "https://twitter.com/login?lang=en", "linkedin": "https://www.linkedin.com/login", "created_date": "2021-02-26T06:43:08Z", "created_by": 1}}]